YTID	label
_oDTEjyE75U_40000	Vacuum cleaner
5A-8VUzAC1M_180000	Music
2sfvzpI4MPE_50000	Heavy engine (low frequency)
M6w5HD8YIsY_60000	Whistling
4IEpPBzMCN4_10000	Water
P7iCWCsKVzg_260000	Music
kgMATqOX8_M_30000	Vehicle
GeEqIwqjlr4_30000	Animal
OwSQEb9n3IM_20000	Vehicle
GLbu6ssInMw_70000	Bird
6vttZ3nZxnM_30000	Female singing
C-oATXC11xI_30000	Siren
G72oCSlXZvk_0	Siren
fFdyzV93Lt4_24000	Whistling
CpA6FbrtVgg_30000	Inside, large room or hall
0-W_p6LfFn4_20000	Vehicle
-bXWwiG1sWA_30000	Vehicle
EYVF4ptcABY_0	Female singing
RR542zToeeU_160000	Vehicle
LROypNZgg30_40000	Snoring
6JCN52OK-1Y_20000	Whack, thwack
8cRZqMYAOI0_30000	Speech
UdwX_RHJwpI_30000	Siren
JO5IhfFvprE_50000	Inside, small room
8DqBfdK7rO0_20000	Music
8CUoibuN-fE_70000	Inside, small room
8SMR8jkxl0I_30000	Heavy engine (low frequency)
4H5p1W_oS9g_160000	Water
RMnxoHHRKns_60000	Laughter
IukZGCryw90_60000	Silence
XftMCb6LWBI_20000	Animal
4ATLujKZxHw_30000	Car passing by
GiLNkkO2ok0_0	Crowd
X4eN59vceBI_180000	Vacuum cleaner
-8ebLEaeRNI_30000	Siren
9O_rzi6t2Pw_30000	Printer
-27ZU8ddLGg_30000	Speech
-0v9oZdbPQM_30000	Music
2LmcomYBRtc_10000	Silence
HNT376mVdeM_330000	Music
4nK9l8Fv2wA_30000	Printer
07nFY0zE2SQ_40000	Laughter
32DbqKToYDQ_30000	Siren
EVuntX7d3Ro_30000	Silence
URgsqNY2lPk_30000	Siren
4bAjmXz9yxI_30000	Female singing
HoO07sydAZI_30000	Speech
ATxSRYTHfgA_30000	Fireworks
3H-9jtK3ugc_30000	Female singing
ADfz9q_h5Jc_520000	Printer
5T167-AjrDI_30000	Music
KqvCl63BgQs_30000	Speech
-wkt9v32kPk_30000	Whack, thwack
Ejx3jTRD_ME_30000	Heavy engine (low frequency)
SFdrwd-TX4s_290000	Whack, thwack
Dctrjaz-fh0_20000	Snoring
imZqDOWtmXI_110000	Child speech, kid speaking
04KXXe_j0O4_450000	Silence
ABr4Q_ecoPw_160000	Music
ECUTuqj5Id8_30000	Female singing
2A1Y_RAtAiU_30000	Vehicle
IZFXnHlsITs_50000	Siren
5o_EYD_obd4_0	Inside, small room
A7UR69GF8ew_80000	Child speech, kid speaking
1Qza0VhVl6g_22000	Inside, small room
F437UcKKw1s_100000	Water
Yt2qogRofnk_30000	Engine
8s9e6flxoM4_30000	Laughter
Wt2DcRW6r-M_30000	Inside, small room
L0kQ5muUqyk_30000	Crowd
08_18kLhxlo_30000	Vehicle
NuFodvW88fo_30000	Snoring
21CuEsHNLTU_30000	Animal
-01ys2vPbBQ_30000	Animal
A7Vaj0qJ8Js_20000	Gunshot, gunfire
D6GmF83LIrA_50000	Engine
cDC_SS9Dwks_10000	Snoring
KXn7InqM3yo_30000	Crowd
X507dSGB7k8_120000	Crowd
CwH70j-V70s_140000	Snoring
-BOQfm7umN0_270000	Animal
YnX16u4oopI_530000	Child speech, kid speaking
57X5NS3wP48_40000	Speech
Dqn9dnv5KuA_9000	Animal
CSGQRD0EGQs_30000	Printer
gmO1JQsZD6k_50000	Laughter
1IcyfTCqmnE_40000	Bird
URx9-sSUVFs_90000	Inside, small room
P_DYFB9FekY_30000	Vehicle
AWlarjByW6M_20000	Whistling
OZGOMnuMTsw_40000	Snoring
-3--FEjeipY_30000	Music
3EtbIWF_ynU_30000	Mantra
-2iW00PbXpA_30000	Child speech, kid speaking
4J-rFIucO80_0	Snoring
2x9XY8TTg9I_30000	Tools
Xo1hf83ZoWc_30000	Sound effect
WvVS_Cx64Gg_110000	Child speech, kid speaking
AbXpwy6Xd_4_50000	Laughter
--ouwdPmto8_30000	Child speech, kid speaking
0Fngxgd-WiE_200000	Laughter
ISP2hPBBHyI_370000	Speech
VJbVVpykK9Q_16000	Siren
3RfrTU1p5SA_500000	Singing
8vTrPFJTduU_40000	Snoring
2R2-qVlIiJ8_20000	Snoring
VSLdPnN8pPA_50000	Tools
39QgfGTrPZo_100000	Gunshot, gunfire
1FbmHE9R6YE_30000	Female singing
N2yV8eiloAk_0	Fireworks
0LaXca3H5RY_30000	Tools
98DFgHAe-Qw_10000	Vehicle
Cb5_JAv1U-g_210000	Crowd
Ov_C3MFhWks_30000	Car passing by
N1Cdp1ihSqQ_150000	Gunshot, gunfire
28bSl4r1kwQ_210000	Gunshot, gunfire
5BcLB0PMKqg_26000	Silence
24DpUuIgkYs_25000	Water
Mx2E1TatOkU_50000	Inside, small room
RuRta8gBeds_10000	Gunshot, gunfire
2Szgz8KxwaY_10000	Snoring
P8vaIdIPmEI_190000	Music
Ve49eR4bXOY_30000	Water
1GAW7E8ngOw_30000	Vehicle
3m3U_Li3VfQ_80000	Crowd
ZFgVr05aqKs_30000	Speech
h71dB9Qo7U0_20000	Tools
9rIuDiPuS2A_60000	Inside, small room
Gq95UZJO95c_30000	Car passing by
cvO3eb0bNPQ_30000	Whistling
TO7d2wx7Cq8_30000	Tools
BxnLAGsByCI_10000	Printer
4ewrOJXYsJs_110000	Laughter
4P3J20GJHIg_13000	Fireworks
DEs_Sp9S1Nw_30000	Snoring
BScBuR5-zF0_260000	Speech
W2YSbPUHvNo_0	Female singing
9eXtNx-klSQ_250000	Outside, rural or natural
-3jqWmNr5pU_30000	Music
-xYTdX0m8mY_80000	Engine
IjxL_th3lhU_0	Silence
TElTvQ4YDH4_10000	Outside, rural or natural
Vo97NzwvjKQ_130000	Music
3YLjzX140sA_370000	Tools
00pGWHoshFw_30000	Engine
5G0HG86j8nM_40000	Laughter
1KlRidDY_GU_420000	Tools
08kLVcTiUvc_30000	Vehicle
CVieuXqHMq0_30000	Siren
LZlS5YVHJhk_30000	Mantra
Cyse2N4OcII_220000	Whistling
LgoLOxAcDMs_500000	Speech
7DbA-GDbFHs_230000	Bird
Aclv9drugo0_50000	Tools
1n0GjDPz99w_20000	Whistling
26XpwUKu7m8_0	Gunshot, gunfire
3Iw9CTkJN9k_30000	Silence
Aihz1N2BlwU_3000	Tools
fVc0mfnJNY0_30000	Speech
-C0_MvydkRk_80000	Animal
BlDAvLaO4UU_30000	Printer
hGtkafUpJAk_190000	Siren
-BXHuQigj70_20000	Whack, thwack
GCuz5olmKl8_30000	Speech
8TbOE5NoHM8_30000	Vehicle
NycLdd6WRG4_0	Inside, small room
7T4esGofZXg_380000	Vacuum cleaner
5KyBZMgA4oc_70000	Child speech, kid speaking
FuJozE_NTjk_0	Silence
-24NWwCNdg0_30000	Water
4hrfZO0L7h4_50000	Siren
5XT6kfk_qNE_30000	Animal
B9KgC4gL-uo_80000	Animal
5TxUKSXW85I_30000	Female singing
CvRWioIT0N0_30000	Vehicle
Lu67UE6xczY_20000	Crowd
W9SbZRsnjeI_440000	Speech
-gvrL0-EIxE_30000	Heavy engine (low frequency)
Si5cS22TKaU_20000	Vehicle
-Lf_Ofsz-tk_30000	Heavy engine (low frequency)
43-spXqx_ms_140000	Animal
-JZyS3xZZ5Q_200000	Vehicle
-Ew87_9avAQ_30000	Car passing by
cEV1gluwcUM_290000	Speech
SrZtLKuf0nw_30000	Snoring
FZOLxNWyHIA_480000	Speech
4N6Hsif5u9I_25000	Engine
MNSRBa4kaf8_50000	Vacuum cleaner
ORx35HB3724_30000	Crowd
DLnuKlgFrpo_120000	Siren
Dp_UhmxG9bQ_60000	Fireworks
0_lMZ7Fvw7Q_30000	Car passing by
HuA6SAm4Qxw_340000	Crowd
EGuxm0OyNdk_170000	Crowd
9pQTxbLNWd4_30000	Engine
TQ9J8DdN2b0_30000	Car passing by
PUwNDssbDXw_0	Animal
I1kiBnVad2A_0	Child speech, kid speaking
DpnUF1BqBrs_0	Whistling
GH876829Ko4_20000	Crowd
i078hwn-En0_27000	Vehicle
ac97oJXxeLg_9000	Engine
P3jlh93n050_100000	Heavy engine (low frequency)
IevyxNO11DY_30000	Mantra
29rQ7JyB_kQ_10000	Female singing
FmxuEmBnCUQ_120000	Whistling
KzK-NcJpw0k_0	Singing
EgkjILeDlMc_30000	Vehicle
3JcMZriTqys_9000	Female singing
r_2vk_vPTns_560000	Fireworks
-5AvqqR_8Vg_40000	Silence
4AOaHKXHyM0_20000	Snoring
Grt0Kbr202w_160000	Bird
YfSkHQs067Y_30000	Whack, thwack
ReD_YKlRaQ8_27000	Engine
eP_006UEXfc_10000	Fireworks
pqGvubXBZJw_40000	Laughter
H-CGWrV3oQ0_200000	Music
gn91aAfdVX8_10000	Tools
2AMMib7in20_30000	Female singing
fIpbu3uF12o_140000	Vacuum cleaner
B7ps7fdsaeI_30000	Sound effect
1oiWxu6nOyQ_16000	Heavy engine (low frequency)
fcFpf2XXKbM_200000	Speech
Cwx1yZPGCzs_30000	Speech
PjwJ37BV68E_140000	Laughter
2E3ATDFViGQ_10000	Outside, rural or natural
6P7xkmia4SI_0	Fireworks
6p39OAoT7Pc_30000	Vehicle
dV0qYvXMGI8_120000	Laughter
31E9-DRHffg_13000	Vacuum cleaner
QdhiOHMnvT0_19000	Sound effect
F6oEu35qy_A_25000	Vehicle
fcgVUyxuYbM_150000	Whack, thwack
R8HchmsKBPg_230000	Crowd
747o6ImOtPM_21000	Silence
71rMtURSqDs_60000	Laughter
44sr0dbl-xQ_10000	Vehicle
Cx-rIoKvwRg_20000	Whistling
DQcvD_dfehc_50000	Inside, small room
50UcZphizsA_30000	Inside, small room
-_G7hJ6KT98_70000	Animal
BMh-vvYwMVc_70000	Snoring
1nE3qT4wSl4_60000	Fireworks
3rdGOUFc5d4_10000	Vacuum cleaner
KtJ2Q191FwA_140000	Animal
RV0SzmZ267I_60000	Speech
B6bnFlVkKrE_80000	Speech
4ECGIBCVAfA_30000	Crowd
SB3cg62I__k_6000	Vehicle
9UD7qz7DuVY_40000	Singing
-07nErVThqY_30000	Speech
dmaMs7gUxyU_230000	Siren
-0Nb4PVTeoM_19000	Animal
2uyD0NmOlA4_24000	Silence
FvCeOCfxwEI_320000	Animal
INeZHC5dc3k_440000	Vehicle
AExFXwhmryk_30000	Laughter
80ev046MQr8_40000	Music
HD8ucjTHLbM_160000	Female singing
yF_ATGH-4lA_450000	Crowd
kHhID6SE4IY_0	Fireworks
AMSJ_Vyd1L8_20000	Tools
-4_SHv_uvOs_30000	Crowd
8Sd16qVkBfg_30000	Animal
ckF4s_SZ9yQ_0	Vacuum cleaner
EGw4fBB2H0g_170000	Crowd
Lvle9El2X2U_200000	Animal
LjSZNytrmQ4_330000	Bird
HJTuBeuVuOY_360000	Inside, small room
5cPvQTT9ydg_30000	Whistling
Eak1EaT57E0_560000	Child speech, kid speaking
6UY-HKyolKk_30000	Whack, thwack
CdCiigzp5Cw_0	Speech
-wQpqRYpvGM_360000	Laughter
7ne0y8mVMcw_30000	Mantra
hXvLl7NLhh0_30000	Whack, thwack
-tWnHJtLWcY_16000	Gunshot, gunfire
I5eqHGBzrsA_30000	Speech
QZKH9-7cpq8_470000	Crowd
-kz3vmlPkaM_110000	Printer
ABsCEKemTpQ_30000	Speech
9meOTROqlZY_30000	Vehicle
OjQ4F1Y0NJs_30000	Siren
6o7Zb2UyU44_30000	Outside, rural or natural
FeiVqJxsaPM_140000	Animal
ER-RJrXWIck_450000	Crowd
C4bCoIfF0t4_50000	Tools
SYu4RWNM2uw_30000	Siren
CClT_gBSF1M_30000	Outside, urban or manmade
-0g1fSl4VMA_30000	Car passing by
LsSlJa3Nb7k_270000	Gunshot, gunfire
hmMq1usIZAA_60000	Siren
L6QtigLJD_4_30000	Vehicle
40TGCk4-bt4_250000	Silence
U0UQV-5lvRs_30000	Fireworks
ASKT1E0_8Qs_280000	Laughter
0aC-EPsLZWM_30000	Vehicle
b-R5Jm-vmwE_80000	Fireworks
FjB8y6TyFas_90000	Inside, small room
EpXW058HjjE_120000	Vacuum cleaner
5vJfCWMaAzk_40000	Silence
40w2L1eKZkI_440000	Silence
9j2yRNpgdU4_270000	Fireworks
2BNzAxuwR90_210000	Inside, small room
3iwCHoMi-eA_2000	Car passing by
2oWdZ9_T3Gs_30000	Animal
4RUdgDZnz9g_30000	Vehicle
JHep7n94Qbs_30000	Vehicle
1Uj_ulATth0_360000	Bird
0cap9ZhNM34_390000	Water
1NJbHsyzCgM_40000	Engine
HSPBrLMYWQA_30000	Snoring
SBHshEAdce8_0	Singing
O4EE33F0SL0_30000	Mantra
8PWxtAl4aRs_30000	Engine
TOHMGYQ0eUw_9000	Crowd
QRlM_dBJVZ0_30000	Snoring
R0XjcWSmenM_180000	Whistling
GOhB95euLDE_28000	Gunshot, gunfire
7iHSfzKKAn0_190000	Crowd
78D5ieegS98_90000	Tools
1RVfHFK9xXc_30000	Whack, thwack
5L7_obw-NT0_20000	Whistling
-jy3jIkRjwc_30000	Mantra
_usplsnFAhA_0	Whistling
L4rR37p6T5k_100000	Silence
ABCSgtiQCvM_60000	Snoring
8xLdduPWrGg_30000	Siren
_Wi4c6JI9J4_120000	Engine
K82X0EmnZKY_30000	Siren
CSpIHcyZJeM_160000	Animal
D1avyMKEOZk_30000	Printer
_Kqp53S6kuA_60000	Siren
5L7aBpEPMWs_0	Speech
VnPy9x4zZE0_410000	Mantra
4GVt2dnnOpE_0	Car passing by
FgawQZrkNjs_210000	Bird
86WwwaaC99Q_30000	Sound effect
WEnCqOnF8SQ_30000	Snoring
HZeqGogZZKA_100000	Inside, small room
T9usfvJC_iw_60000	Crowd
-39RnBGle_o_30000	Vehicle
9UClMIGCIF0_30000	Vehicle
LKpANGTc10M_30000	Siren
1Fy2HJlJkhU_12000	Silence
pRXnQKlktPs_30000	Vacuum cleaner
--wH-KgQxe4_30000	Singing
CES-NZUURg8_70000	Vehicle
BDhj3O5DEC0_10000	Engine
LjOOqHOlJeQ_30000	Snoring
VHoOg4twnO0_60000	Heavy engine (low frequency)
L8mFkheXfOk_70000	Heavy engine (low frequency)
6tgBAuZMaUA_6000	Female singing
1_hyTqVseHY_30000	Silence
DK_6C29B2zs_14000	Siren
iAXyrmDuBb0_20000	Vehicle
TAje6O0z9I8_30000	Car passing by
fi95Knnp87Y_30000	Vehicle
0qMizPXpbSw_30000	Laughter
0wxo66142xQ_10000	Animal
WGV2P5ECEks_30000	Engine
DV6cfqlLlfY_10000	Crowd
-UdzibtuaKk_10000	Engine
CMKamulntfE_30000	Animal
0fupqJsBpKc_30000	Gunshot, gunfire
a_ruWnMK1MA_350000	Animal
8eAFLSZrmSw_150000	Speech
4cSdCeVjWW0_10000	Silence
58IVbIC2xHw_30000	Vehicle
BxqInbuPikI_30000	Inside, small room
46HYJEr-JqE_10000	Vehicle
Kixwm88GoPI_80000	Child speech, kid speaking
-_4MdFepHb0_7000	Vehicle
0nRbAiE8DSw_40000	Crowd
In7zm9W8074_20000	Whistling
2ga5bSZDIbo_170000	Vehicle
COt7y5oODOI_140000	Inside, small room
NKJVmJnxVZw_210000	Inside, small room
WK9Qs-TlOWk_30000	Tools
LBGkuftTRJA_110000	Child speech, kid speaking
0RBjoTFoOrE_30000	Singing
Ts0A5evzqJY_30000	Siren
DRhSOfOpMn4_20000	Vehicle
gPSCHPuRSyM_210000	Animal
S2tExiyLmUo_460000	Animal
TUwiMuinx7M_0	Engine
15Mw2jyyHk0_30000	Music
ML2_7WWRbgE_10000	Vacuum cleaner
1RcNFHoEApI_230000	Silence
UiBvSGD0QUY_20000	Fireworks
Rj4gqvjW-ro_30000	Vehicle
EgrWlWs1KoM_30000	Crowd
Mf_M8utxhn0_30000	Car passing by
wOpPsqugPfI_150000	Tools
AV3lmhWId_s_30000	Heavy engine (low frequency)
VXjQfvnbv80_210000	Tools
-q_R6tOMhz8_230000	Child speech, kid speaking
32bcLJYsjjU_10000	Whistling
LhxYj_OXlUY_0	Animal
TNFQg1Jbxvw_30000	Laughter
72ygRBtUKxE_30000	Crowd
7bugGcaojsU_30000	Inside, large room or hall
-d71BS_9Ru0_30000	Heavy engine (low frequency)
Egg_iIuzZv4_70000	Music
19nQpm2aRdA_30000	Female singing
5-lRAdfET_I_0	Fireworks
1ZnbSB8iQkI_11000	Silence
4yvS6NRKn_o_450000	Gunshot, gunfire
LK7fmJsrydI_170000	Printer
FiI7mYduvGo_160000	Crowd
KX7SGH6ZjMA_320000	Bird
I1Ed5gIkcp8_10000	Sound effect
6lSthRzidX0_30000	Female singing
DdxW_JziHTA_30000	Music
Q3JXMPUpmRU_150000	Crowd
MWXgevv8TDA_20000	Printer
AYU96S3QQQo_30000	Engine
HSdDxuZaaVw_200000	Gunshot, gunfire
LvUo_4YvMQU_30000	Female singing
4IH4KCTb6vQ_10000	Snoring
f48NhDkKPPk_300000	Speech
ARRWOncTNdE_30000	Crowd
UScm7_GrxlI_10000	Siren
-hYRFCQdbLg_30000	Music
AZs79fQforw_0	Whistling
1pA-WHxC0SA_7000	Car passing by
3mzVTVY5Cgc_0	Gunshot, gunfire
0o5IwJsz9TA_10000	Fireworks
GxtHS5lyg48_30000	Engine
6FJnNeRsJXU_60000	Speech
6N2gq4JmZ-c_30000	Female singing
cB77_McMXx4_30000	Inside, small room
H9auwoKKvvc_370000	Water
3NdOVusLKvs_30000	Mantra
I4pOnI9vGIY_60000	Inside, large room or hall
0OYlHvyfNk4_130000	Music
42v4Xf3gcTc_310000	Silence
FxsuLo2zCSo_460000	Animal
14jcqHjMXcI_0	Bird
8PQGhU-ZoWw_27000	Vehicle
0m0rCpKxRDY_0	Snoring
5TQ6sHi3SD0_30000	Bird
487jIOnY-yE_18000	Silence
76KVYpyRNWc_30000	Bird
-Uk5y-Q1xIM_30000	Speech
-1ujDf84xuo_30000	Music
5jqA1nqXcUA_30000	Child speech, kid speaking
6pPqPtzziSg_30000	Animal
3gm1ymc8Zg8_110000	Printer
FGMLbxg0oAg_30000	Outside, rural or natural
BtxOD0uTlWc_160000	Speech
LntYc8gxolI_0	Silence
JLiX3qKQPtI_30000	Engine
1Lhorx664PY_21000	Gunshot, gunfire
A9hrILiG0YA_130000	Animal
CW8_PZxk7VM_30000	Mantra
8CZFkwCPEio_210000	Vacuum cleaner
LnP4FW1i8Z4_30000	Vehicle
DSBUD8MCOxE_20000	Singing
-SLsSZcN8rQ_30000	Whistling
-2T2k9Wofzo_30000	Speech
Z4Pad_yHNyc_0	Water
FLEC3gA30Pw_410000	Music
9-5s9mzSm3w_130000	Animal
0urxztgR2kI_80000	Whack, thwack
IgVzKNLqGJQ_80000	Tools
JdopEI1Q_SA_30000	Mantra
Wl79nsc2Pwo_180000	Water
0hFT1CE6IHE_30000	Heavy engine (low frequency)
1myQoDcbICM_0	Whistling
o7cWEZgDh8Q_10000	Laughter
hLUn6I4BUYA_120000	Whack, thwack
NUZ_gB6Zhxs_100000	Music
Z3ne8026Uu0_70000	Inside, small room
pOiZUku3CH4_10000	Laughter
7HA21WpT01Q_30000	Female singing
6qkemq5ueKA_30000	Vehicle
6dGxzxwed7I_30000	Female singing
BWVovghBe2c_30000	Music
DXXdKja-8zU_30000	Printer
12k5XdYlqS4_30000	Vehicle
js3gMXUxhSo_530000	Snoring
852VTO5jrMM_160000	Inside, small room
2lbt5BexJwY_30000	Vehicle
9djl1Paihl4_220000	Speech
-9wBfK2qA1Q_30000	Mantra
2FqGBGnSlKc_30000	Whack, thwack
PyyvzuSRn6g_60000	Laughter
3f-m06IKGqM_0	Engine
8z6UjJACNLE_10000	Vacuum cleaner
AWLr13oJAoc_40000	Printer
Yi9YlQsDZAI_90000	Child speech, kid speaking
-EFFoPhcxMw_30000	Vehicle
F2bDB8ovgPA_60000	Engine
0GBVaUPTTSw_0	Silence
pHZm52nvBB4_30000	Animal
CwZydzw6eOc_30000	Engine
-uydwFiYXZY_25000	Sound effect
--tk5bEZolw_30000	Speech
CsA1DyPLbLk_40000	Music
HuABReigFxQ_40000	Silence
NZN6CZrhRu0_10000	Gunshot, gunfire
1RAxvWeojGY_0	Inside, small room
O7S29_2nd8U_0	Gunshot, gunfire
MTkiCznvpS4_50000	Snoring
C02gHcprbLE_2000	Whack, thwack
K4o66JT49C0_110000	Music
01jwu2U-Ya8_180000	Vehicle
7b3TCh2Sxq4_90000	Snoring
53mt7qhu4GA_12000	Engine
g247CEZ9p70_10000	Whistling
-0wu6R6mfeo_30000	Speech
5uR4ondvGSA_10000	Gunshot, gunfire
FJcDJvK__uE_10000	Animal
OaVBOjLVFi0_70000	Snoring
WOq9smz16SM_30000	Vehicle
5I5GDN0hzWM_90000	Outside, rural or natural
2z5F4smiBIQ_340000	Child speech, kid speaking
-5CHgIX-yaQ_30000	Music
5DdKA3G49q0_30000	Female singing
-NtqWXIzVHM_30000	Music
W11cJ9HZNaY_30000	Car passing by
Tafz0y7nFlQ_40000	Snoring
4VIwosnFpZ8_12000	Singing
Goni_2jdS1A_2000	Silence
-tzKWySGu-Q_30000	Speech
44mUe8LGgsw_30000	Siren
g_DBLppDZAs_30000	Crowd
QPA0o5rDh3s_30000	Singing
SjV25G3bCU4_40000	Printer
05a6g_dCU_M_30000	Vehicle
-1vqa8LjGyQ_30000	Speech
-sTR47qIhUI_110000	Outside, rural or natural
Q3aysNe92wU_0	Printer
B7cnjqDXjkc_30000	Mantra
EqKWXPOLUdQ_0	Inside, small room
8o-KM79k5bU_300000	Fireworks
1stOBLsLPFI_30000	Tools
754NbBBCUpg_100000	Snoring
4P-sIdV4vMs_30000	Siren
S1zdm4sseD4_30000	Printer
G2WNtYEjQ4M_240000	Vehicle
ACTXMnQfjZY_17000	Animal
40PKn0gnPJA_170000	Music
kvEH9vJDtrs_30000	Engine
-jTHqanA-sY_30000	Bird
FEeKK_193JU_20000	Outside, rural or natural
3vnRVhpoFpY_200000	Inside, small room
Kd7Q8BtrdK4_50000	Sound effect
4nVJBWDT8e4_30000	Female singing
45_hB4QUjNk_30000	Speech
CD6jP_rGrJE_30000	Mantra
ItQZCqJ6mz4_510000	Inside, large room or hall
KsZCATziz54_30000	Female singing
4IlftknGLxM_30000	Engine
MyFdRJ1MbJ8_30000	Mantra
qpNx57h9Ngw_60000	Siren
TBNzInH34Vw_230000	Vacuum cleaner
8pJ_yyiFDTU_30000	Sound effect
AItk8hJzNog_60000	Outside, rural or natural
rZGffVj8EfM_30000	Engine
07L1G-xyrtc_0	Outside, rural or natural
-pC5iSaCLcw_30000	Gunshot, gunfire
B4Q6N08yhp8_80000	Speech
Kta-tMXIneo_30000	Mantra
-4LAPE_-LDU_30000	Singing
9RUMY7mz2MU_5000	Snoring
Zpir-mKXjnw_30000	Car passing by
4o1WXDIYm9g_310000	Vacuum cleaner
eXw_RIKwmUI_150000	Gunshot, gunfire
JrU0NYotWmE_130000	Female singing
IiwOTQ2Kg8Y_210000	Music
FZC8v0UnWdM_160000	Tools
BTepa5tICHM_200000	Vacuum cleaner
2_f-dWgglMo_90000	Whack, thwack
MsZo1Jml74A_30000	Siren
WdORkOOr1ME_10000	Whistling
StvO_qmBalY_40000	Fireworks
GdnUj_tYStA_30000	Singing
-CFrKW8o5tg_30000	Female singing
00NIlleKaKU_30000	Vehicle
AcX6rAwFTiY_260000	Music
BnCWy1VzvQQ_80000	Animal
MJTmkrvAxys_50000	Snoring
CjoRC3bhsPU_130000	Tools
RlHxAiTwODg_150000	Crowd
-fLGdSqgwMc_30000	Music
DqBovEVr-98_400000	Whistling
8umQZhvuh-k_30000	Silence
tIeVWsRYmE0_40000	Siren
UIJvZQxbQXk_30000	Fireworks
Y_Y3M6rWXYQ_30000	Fireworks
VEJt6vaKXF4_10000	Crowd
VwEp5pCFu-o_500000	Gunshot, gunfire
NKjOFL-xvjc_30000	Mantra
LiRgBYhkeOA_30000	Whistling
5FTnLbVHssY_0	Mantra
8b64eo5MBKA_40000	Animal
RKQ7Qx4gPyY_260000	Vacuum cleaner
0cfi0shdyAo_30000	Female singing
LAVr291jgR8_210000	Speech
SLsFOd-Xv1o_0	Fireworks
4M8Jox8RUY8_40000	Snoring
JfBTlyHH2XI_80000	Music
1V9CWQNZRF8_450000	Heavy engine (low frequency)
1nYaEoAJdZw_10000	Outside, rural or natural
8sMCf194HOc_30000	Animal
8oOLbD_cPYI_4000	Vehicle
n6PQlh-g7tU_70000	Whack, thwack
O2FnfsRr6zo_430000	Fireworks
BVmY3t2SjHE_30000	Vehicle
d-svfUMX3BM_10000	Child speech, kid speaking
5uPAqk783Ek_60000	Siren
-KsTp_GYBoU_90000	Animal
MaCIZ1UUnbE_40000	Animal
8iF4OnCc-pQ_210000	Bird
5e8dnZnkLkw_60000	Laughter
2GdvXTqSG18_30000	Female singing
1iCUCx9p1KI_30000	Vehicle
TLDIzN6MkfI_120000	Crowd
Rbme1ux3CE8_50000	Vacuum cleaner
-XcQy3Np0ww_30000	Car passing by
DKDsg_cYCTc_80000	Engine
WmKXjQ_lFWg_0	Inside, small room
4Ki-OZRJEwU_4000	Engine
8R8F5C8WBNw_60000	Gunshot, gunfire
0-KeN5sfo-M_21000	Fireworks
_nol57t5Mlg_60000	Child speech, kid speaking
IK9DLm06eLQ_60000	Whistling
5Xf1xYpBQjw_30000	Mantra
DE6bdmnmPtg_60000	Whack, thwack
5cq0Qwhis3c_0	Laughter
CkAGY3spYG8_0	Silence
5Xu5FJLNTHY_500000	Vacuum cleaner
Iq5v8gESkCM_0	Snoring
00kiylShRxU_60000	Snoring
dvlsy2j4XxE_120000	Laughter
l2F8WoFeTnI_30000	Printer
CxmxQQQEk_Q_1000	Silence
W0mijeON0Co_10000	Vacuum cleaner
cm6uEFfW5to_60000	Whistling
PeN0BUbCdVE_30000	Animal
Gg8qVEvD8Q0_540000	Whistling
K1YFLzfKmm8_480000	Gunshot, gunfire
3jPvzBbfueI_30000	Female singing
SBjojQHyGZw_110000	Car passing by
7rfS6G-1WYQ_30000	Silence
9APqBU14-Mo_20000	Water
Ch5_-jvmUwQ_14000	Speech
ElJFYwRtrH4_30000	Child speech, kid speaking
3g_Yi_ENvq8_30000	Silence
8AnlI47Vfzg_40000	Child speech, kid speaking
0H814XXq-WQ_30000	Crowd
2s67Dy2chRw_30000	Animal
-10moqBJoFg_30000	Music
GFsgjayBMt8_70000	Printer
7Vik44Ov0kA_210000	Animal
9MkZkVeaMCs_60000	Music
PBppme6lXN8_30000	Crowd
-PdWUY-z4do_30000	Crowd
4FsNTLhUaVY_60000	Siren
2lNUXeMLVuQ_10000	Engine
0ng4P5U9fYM_23000	Animal
uUcUU6NpDUw_30000	Water
8k8Ck-cIuK0_30000	Printer
-pwf1dqYzNo_30000	Engine
LGDeKfeW1Cs_190000	Crowd
QR2nVWdxa2E_70000	Speech
2LShvS4yuB0_21000	Siren
RNeApQUd5p8_30000	Printer
25PRr_4tzTU_30000	Speech
0DsEGinKxBM_280000	Female singing
Lg9lMcAKzP4_0	Singing
4cCGg38Xsgw_100000	Music
MpWa14WHW1U_30000	Printer
BRozXvsNyxQ_30000	Car passing by
-1KJd0b46Tw_30000	Vacuum cleaner
P9EyfBbH1SI_20000	Child speech, kid speaking
-QjPiUDOmzs_30000	Crowd
--7RQ59Nsc0_30000	Speech
24d8qg_2gLs_40000	Music
IPq-W_CgZ_U_30000	Mantra
3AnJo6ZZEp0_30000	Siren
91dnB9arRVo_23000	Sound effect
517eoEgyO88_430000	Animal
3jwbksLGgwA_30000	Silence
OO6ADImGSPY_30000	Child speech, kid speaking
QLWgvnzkYuc_20000	Water
-1DpOYFdTNA_21000	Car passing by
DlQkBlkfyss_140000	Female singing
5VZcokFMEDo_30000	Animal
Akl82MKua1M_130000	Speech
-AJx8ROR0SQ_30000	Laughter
GEaPkbvHIes_200000	Speech
6TYV5DARr-o_30000	Female singing
1Gdi3Txz2Ls_200000	Car passing by
ObbD5D11Tks_40000	Whistling
PD4z_hzbAnQ_120000	Music
f8RnxJG0YAA_30000	Car passing by
M4fABKU5vyM_110000	Child speech, kid speaking
gMGlJWRJxhc_180000	Vacuum cleaner
OO0clKRwKGs_0	Engine
-9PV1PRniMA_30000	Speech
GZiF7PaLFlg_30000	Mantra
-Yv_h-xbotk_30000	Female singing
CzJ5ikQAPHE_260000	Gunshot, gunfire
-4XVS6jMZbs_30000	Siren
HAfJ1jyyWNU_330000	Laughter
6W_SM1_IYH8_30000	Vehicle
p3IDdRuOQmM_25000	Vehicle
HeEa1GZpUGI_30000	Gunshot, gunfire
VPSRpRgKh-U_60000	Snoring
PbnQgQMgbMU_30000	Engine
-P_BG3Z74r8_30000	Car passing by
7GDYDFkOZXo_30000	Inside, small room
05Plf6nWRUc_470000	Animal
L29Oi5_wYGs_30000	Speech
8xNgrd2DI5w_24000	Animal
HXGYUAxvyZ8_170000	Water
-y4W6ktLEns_250000	Silence
CO6MPJwJseo_150000	Car passing by
-AAUzJI-Tfw_30000	Inside, large room or hall
_P96ibCmCt0_140000	Inside, small room
8a4Zec3h3LM_30000	Vacuum cleaner
JZuXFU4vIdo_30000	Heavy engine (low frequency)
1PrIUCXw7wE_60000	Singing
Mz_lC1TMTeI_30000	Fireworks
09bETc7bSIA_30000	Engine
NzJ1RMR_sWw_50000	Water
87ubkqdWhQI_30000	Gunshot, gunfire
-3l4ei3iLe4_30000	Mantra
AIen2QPoaUA_200000	Whack, thwack
GuIxgr1lfCw_30000	Tools
9KhDXUt5IoM_370000	Tools
N8RJKwAHwm0_4000	Engine
EGR7EIz9JQ4_30000	Siren
G-VJomdAZbc_100000	Gunshot, gunfire
80LZfdjdcfM_80000	Engine
2d915_G3dYU_30000	Speech
HvsykxyXr4c_0	Music
7RF4D_aA7RM_30000	Speech
9Z7KBWwpVgU_110000	Laughter
mCV77DZXlmQ_30000	Engine
7IsaTZRcR4U_28000	Printer
C_Vy4XxBkgw_90000	Bird
1_a3UGI0Zyc_30000	Speech
CWe5exTfrQA_10000	Snoring
dBAwPvsmQOA_80000	Vehicle
-dRCdV6GEdI_30000	Gunshot, gunfire
dPIQQEuvxRk_10000	Fireworks
-lqcjlg15fY_210000	Gunshot, gunfire
Lh9WUOJxZZw_0	Fireworks
0HRv8CeKv1E_10000	Water
Ofglcr0fWBI_2000	Speech
vYSE-F3gRaM_100000	Animal
1a3F-GfrBEg_0	Siren
IEDCxVRUpyA_30000	Water
EPljSogBzMs_190000	Whack, thwack
FwGEy5Ek_xw_160000	Tools
aTgD1u25sNE_0	Bird
6JyRY9aiMOQ_30000	Vacuum cleaner
3eGXNIadwGk_30000	Whistling
IHENnzg1f34_120000	Female singing
0V7-w8K3Fgw_0	Child speech, kid speaking
-2dHZwVu5Qc_30000	Music
G0-aHWKmqs0_30000	Printer
7TztmXvTT1U_290000	Laughter
dYw0SfTcx48_0	Whistling
BWqb0GbRfRk_60000	Vacuum cleaner
8E1HCIbLmV4_30000	Vehicle
D9XbG3mHpPw_530000	Animal
3R5MXgCsFCU_190000	Animal
ZMTa_KM-5NY_30000	Whistling
0MdmUTI0UUg_30000	Female singing
bc6871347KA_240000	Female singing
IHQnP4wYNsw_30000	Vacuum cleaner
Mk7AAHoTHBo_20000	Vacuum cleaner
bI6hI2WEopM_30000	Siren
49-39_cbGEg_30000	Animal
BaXBF-cnYi0_530000	Snoring
6DvZikcsjds_160000	Silence
8etqGQi2aBc_30000	Sound effect
8n1jkGRlae8_210000	Crowd
BGzsPp03mME_50000	Vehicle
0K6oOUQ2Pzw_30000	Water
25d6M9gY1WU_0	Vacuum cleaner
FV4J8inFEr0_440000	Silence
DxupvSHIQkQ_0	Tools
aZP0AN-V8P8_30000	Crowd
QmFCZo_g3h0_130000	Water
SHAncAjicgI_0	Gunshot, gunfire
-0qPtkp0Lvo_30000	Animal
NDYdbp2nE58_0	Snoring
GOK0Q2cEy8Y_190000	Vacuum cleaner
hVtf8kQFWkY_30000	Fireworks
-eUY1MeAXlU_10000	Printer
0J64KP79xkM_30000	Snoring
2-361vCcYIE_30000	Engine
087PMZujH_0_30000	Vehicle
-eXpYZ1Gz9Y_30000	Siren
Ob6zjUu5ZsU_30000	Siren
Px8ZqfhSnEA_500000	Sound effect
cHCIoXF7moA_30000	Car passing by
GDFlTHdkGyo_20000	Snoring
61vmgHxrM_g_370000	Crowd
3hr_T2ueTeU_30000	Female singing
1KLmIS-v60U_10000	Speech
6ZQcrd0LFic_30000	Siren
MmM1DVlrkKo_10000	Laughter
-YcIHw_4P7s_30000	Vehicle
1RH52NZd5F8_50000	Whack, thwack
-pDkEFwoUDg_30000	Heavy engine (low frequency)
Wb2iJLhZ_OM_30000	Printer
SNvyDd5z6bI_30000	Water
-gPM1IQBHkc_0	Gunshot, gunfire
SawEw7asDzo_310000	Gunshot, gunfire
Ri17MlyCHME_30000	Printer
4ynltrtzCgk_140000	Bird
Oc-LSkBla7s_30000	Crowd
YN6W3ZPk1HU_120000	Laughter
5BK190-SpS0_320000	Whack, thwack
FlNN_ZZ3Ffc_9000	Engine
1o003r1S3AE_30000	Female singing
j-AFg9UeoZU_18000	Gunshot, gunfire
C7hIpo0oUIc_130000	Animal
-0MrdSRq3cQ_280000	Tools
6ri-SBCguO0_230000	Car passing by
A22FNkyUsuA_30000	Vehicle
C1DqUI3NI2w_10000	Fireworks
KYLE9stsf9w_30000	Siren
CoRFoy7HUF4_30000	Vehicle
KGJHXCEiJnA_60000	Engine
R689JXGgYJw_30000	Engine
B8Zqeooq_lE_6000	Crowd
-1f7YZIdEi4_30000	Speech
-2Xo18miMzM_30000	Snoring
LoCrTpG8LEY_30000	Speech
M6zmVOpFoKU_160000	Singing
FPJ30LbLE_8_50000	Female singing
--J_SHHhb4o_30000	Heavy engine (low frequency)
FwpDw0PGnTs_75000	Heavy engine (low frequency)
9-DYIrMliZw_30000	Animal
ABwZYIPHF30_20000	Engine
VpunhkGQdQg_10000	Crowd
KL4uiNB7lMA_150000	Vehicle
caI1iADQPVA_130000	Water
2rDOnnJkciI_50000	Engine
VTtOZqyV11M_6000	Printer
OzswMV1r6q4_0	Laughter
Dih6EzyNyfg_30000	Silence
8BAQPWRgzQQ_170000	Child speech, kid speaking
jzw1i1blRcI_190000	Child speech, kid speaking
g-BNcA2xnQw_230000	Fireworks
Cwm03Vn1OnU_10000	Laughter
3l5CT3B4ch4_1000	Heavy engine (low frequency)
--NT32haxPs_30000	Speech
5slzmsYMlpA_29000	Vacuum cleaner
05mn5h8YniY_150000	Speech
5yOuSQROqMU_130000	Siren
Fv1pBmcR8Jg_2000	Vehicle
O6wHTww0BJ4_20000	Tools
3jtQXieJ8og_30000	Mantra
M_DVTqmMne0_60000	Music
5QFBx6s45-k_160000	Whack, thwack
KcBHcveVdrk_60000	Speech
9cLGBhLmBU0_150000	Female singing
C7l_mIsMuXI_80000	Animal
XdbyDiqFnVM_20000	Gunshot, gunfire
5WHC7-ZQJgc_30000	Silence
hPezh8n7w7M_30000	Heavy engine (low frequency)
1DGlSUkdGRA_30000	Vehicle
MP5kNX2Z_R8_50000	Whistling
UNa5EbwhagY_200000	Crowd
EFWZpQ7zpjo_230000	Female singing
PwpYyVRl4r4_240000	Gunshot, gunfire
6AxVE9MTryY_100000	Outside, urban or manmade
7PtHb9jQCtg_130000	Vehicle
2ZJ7R4ggWc0_30000	Bird
L8W-5LTrwjM_30000	Speech
pG8RAbWs1yo_30000	Siren
9htu7on4jdo_30000	Silence
H3MJyXe1MsM_190000	Child speech, kid speaking
l78ooOwvRyY_0	Laughter
1sP88kor_TY_290000	Speech
9FZ-6mrs1Hw_0	Bird
-gV7wGlEIj8_30000	Heavy engine (low frequency)
WtCnv068GCI_30000	Engine
AMw1a31tHGc_230000	Fireworks
57YVC4aqn7E_0	Fireworks
EpsQNV0_iKU_30000	Whistling
-0nJ3hZJbbs_30000	Singing
2yHNI7sOsKQ_200000	Music
-2WT-UCcN6Q_30000	Speech
mgamxYc-D_Y_30000	Vehicle
9xm0YLR853E_30000	Child speech, kid speaking
Ru8sFq251XU_230000	Snoring
LvGbRbTPScI_130000	Music
O0RGgmWCdmU_16000	Vehicle
1mJchuLnt50_30000	Mantra
0AkjHw9iZLs_0	Child speech, kid speaking
FZr-ubMU0D4_30000	Mantra
0dku4e805tY_130000	Laughter
fJojyFrQOv0_12000	Outside, urban or manmade
-qM9ZqKj5Fg_420000	Printer
8ZPd02pU_c4_20000	Whistling
6NYSwV07jbY_30000	Siren
-2UmP4vKQZ0_30000	Music
ARYLHs9jdWg_30000	Siren
HsGtwPXhmec_29000	Heavy engine (low frequency)
shrnJsiyWI0_50000	Car passing by
-0Y7DGbrBR0_20000	Speech
-xhIITrBwXI_30000	Female singing
DOwONIymmDY_6000	Animal
CK3GC9gkorQ_10000	Speech
EUkrChTGiCA_240000	Vehicle
BDzNjuuEQbk_30000	Bird
8XkOOK4TL8U_10000	Crowd
KpMcryqzjGk_240000	Singing
MJAa4bnS6AI_20000	Child speech, kid speaking
fvDMHJofV1Q_80000	Vehicle
0YxQMUhyVQI_30000	Car passing by
-a4S-lG99T8_30000	Vehicle
0tZoQIOR4Nk_420000	Inside, small room
GJef8oz2VpQ_30000	Vacuum cleaner
MIQCC_qQLcs_10000	Vacuum cleaner
--nh7mya5O8_11000	Vehicle
3DwJlcswIQU_4000	Crowd
ECFFC5iKxE8_40000	Vehicle
D37vk961Nl0_250000	Music
JPTVIlGz0qI_310000	Snoring
NLtgxTakoIA_30000	Engine
mtrKsRKBAGc_0	Child speech, kid speaking
0RqWWDIOTiw_30000	Animal
1cM8k0GIRYA_20000	Whistling
BRu2ZAI3W2I_10000	Silence
NXzdweA4mwk_0	Crowd
1bljtnVSJBY_30000	Female singing
K7mSP3zig8I_130000	Whack, thwack
Ov5xZtxb_DM_30000	Siren
Sc4STUMGgUU_70000	Printer
NOZsZG_eK50_70000	Car passing by
Ng5fCv51y5U_350000	Music
HEHHTGWR82I_21000	Tools
HydwYiEudaM_70000	Vehicle
F1ko_KpJzoo_30000	Tools
4U4ycet85SQ_270000	Vacuum cleaner
-1lXmKMKc70_30000	Animal
FRHiwe9a3R0_30000	Snoring
--RBMCFsQrs_30000	Music
DBRdl-Mdmlw_30000	Vehicle
3qoZXJsRezk_410000	Engine
1JV13y1el-k_30000	Mantra
3wSgzJlqbi4_30000	Female singing
8H17M_bRkYA_60000	Animal
22ygHAQDVlU_240000	Whistling
9cV8MxocyU4_30000	Speech
I1OKdNITDMU_150000	Vacuum cleaner
qmR7ywSqo1U_20000	Fireworks
WngaOUp2FjI_30000	Inside, small room
-inB65exXFU_30000	Speech
0ARh-9Amrv0_260000	Speech
nv6nLJOeAEs_320000	Tools
A8o272XEOZc_30000	Speech
-Qr_nhvqV-k_10000	Gunshot, gunfire
3gL8iwqQ2-M_0	Whistling
Fr7WocH_VOM_100000	Vacuum cleaner
VnaqrDLBrP4_30000	Outside, urban or manmade
R-_FfU97BcY_450000	Fireworks
HNsQ9HO6KFI_30000	Crowd
XvzStvsbKuo_30000	Inside, small room
Hdj2oukxOHI_30000	Mantra
5wnULiF9tBk_30000	Music
FwwOzgozEl0_21000	Silence
1LRApy8FDoo_30000	Animal
DYTnHcrMJzU_210000	Crowd
V-GldW2--Bw_20000	Tools
Zw4LLtxx_LE_320000	Speech
4WGD0yjuLo4_0	Sound effect
1ZHnWpLQtyo_30000	Speech
8ZHFPg57e_Y_30000	Vehicle
U4CKGmWOLUk_70000	Whistling
QdFn1NexHec_30000	Engine
8NMOncaAvYA_40000	Inside, small room
5kz1HD7sHNI_30000	Car passing by
0Jme9fmMbCM_30000	Singing
QpdPkT_eb-0_170000	Animal
VlczHAEb5SY_80000	Outside, rural or natural
CiRvRMwph5A_1000	Animal
5ZDJAjqzqa0_27000	Outside, rural or natural
8flafzgOrSI_30000	Vehicle
poHWhb-tBKY_20000	Fireworks
UkA1Y-5-Lh0_220000	Vacuum cleaner
dLWz1J9rj9E_10000	Child speech, kid speaking
7gcWZh8Q-v0_280000	Animal
62JFB7_DSFs_40000	Vehicle
00rg_juGMy8_25000	Vehicle
4TIuVtNpfwA_30000	Vehicle
1aPvDJN21yM_20000	Gunshot, gunfire
5WVBgu5zQhw_12000	Animal
2YxN7lejf84_150000	Speech
Ax77WU8g2aY_40000	Music
ChlkQzrTwKE_10000	Inside, large room or hall
2sFW7bcKzqY_30000	Crowd
9FLDpfkbxZs_330000	Music
1DSF-s97fTI_30000	Car passing by
R2Brru6cc3g_30000	Printer
FR1PHbu4qGA_20000	Singing
H97957fPRJA_390000	Vacuum cleaner
9PdzaYwgQBE_30000	Speech
Ac5ijvE-Wao_240000	Gunshot, gunfire
DmhOPvHTZVM_250000	Vehicle
Qan2TXMSfGI_6000	Heavy engine (low frequency)
5GmlUDUetsI_230000	Silence
0O0LVsVrtYo_30000	Engine
7yfXcrG0AxQ_20000	Printer
FUmNWWk8ByM_40000	Siren
4zIT1lXTATM_0	Mantra
7XxzE7fXA2k_60000	Animal
R-vBJraajVI_0	Child speech, kid speaking
quZXpLqh2P0_30000	Speech
V9MQE-mnmHs_50000	Printer
ZD4T2DwbDHE_0	Whack, thwack
9ZeoYezrI7Q_60000	Inside, small room
6M7aqqXvuEg_20000	Vacuum cleaner
--OBFOUWZi0_90000	Vehicle
1PMCJGZiwXM_30000	Vehicle
UuNNK2WWeF0_0	Child speech, kid speaking
J5okxgIiBTY_4000	Vehicle
jBsrgRst7Aw_30000	Engine
AcvihmVHUEg_6000	Engine
1ikHNR3h-b8_30000	Female singing
LNkQic1JRYE_10000	Printer
A5WTVxpd0ZA_140000	Outside, rural or natural
UNKjLzF3rOw_10000	Snoring
RQ2Zz41WmfM_30000	Music
4frNzH2u6Us_30000	Female singing
c1tIqkQSPmY_80000	Gunshot, gunfire
3wy9qooG6Dc_20000	Speech
SKgUvA5zWNE_0	Engine
3x62CurGYUI_30000	Female singing
_npX6AjZ9RQ_12000	Crowd
JAteDOkGzPU_0	Siren
Bxu5KuG1HQg_40000	Speech
_6gpB_Trvo8_0	Engine
Jikk3-uCa8w_260000	Outside, urban or manmade
BjyhR4v_bN0_0	Water
IYvzcmPhHcs_30000	Bird
BqOm6vAo4Gk_30000	Gunshot, gunfire
LtNF1i2eSwg_5000	Gunshot, gunfire
5gnNJIspgoM_480000	Laughter
Ny81VcfoQD8_490000	Gunshot, gunfire
DSBI2Jmxo0A_30000	Bird
57G_SuJFvf0_400000	Whistling
MvHHLh4BDF0_0	Fireworks
ixoHCWeJ1ww_30000	Car passing by
sWg5Orq9woU_60000	Child speech, kid speaking
6M2atjZNnbE_0	Crowd
3U15BeBIF_c_30000	Whack, thwack
5FXLU7ognI0_30000	Female singing
E_WC92_c0pQ_30000	Mantra
He7jOq1MZH8_30000	Printer
--sXxZRMoNk_30000	Crowd
vGmhDmzntLE_10000	Animal
1cwGW0cBdRs_30000	Music
HTbvQ0Kbucw_0	Gunshot, gunfire
4hX4vPbr_rQ_17000	Vehicle
_iQ2hXonRsY_460000	Speech
1egD5M1YQ_o_30000	Female singing
1TwaEzSF_3U_30000	Mantra
7QQmvgFoBFc_30000	Silence
JtB_47GEm-s_500000	Gunshot, gunfire
AFPlSqZXjnY_30000	Engine
5qSSeC4lPUc_0	Vacuum cleaner
6h8B0X2OrHg_0	Snoring
BrGABzI08Yg_30000	Siren
-oqg5AM7XD8_60000	Printer
OkPrtoIvduk_4000	Car passing by
Y8FA9v9pgNI_20000	Whack, thwack
NeZ3DxIY7lA_120000	Music
KNyZbx5wO5I_20000	Vehicle
FRLz676HT-8_30000	Bird
bd9CKQRGAiE_410000	Tools
NuVJV7c2waM_130000	Tools
6AxNBdjuLUM_100000	Inside, small room
Pzlh5TaV8Qk_10000	Whack, thwack
XNScUpclSOM_30000	Engine
Icl8H8OkcXE_10000	Fireworks
CDzXaXXJbEM_10000	Vacuum cleaner
fWjMlBZISFY_260000	Whack, thwack
NKAp_uZflnI_30000	Vehicle
ZY4BwQxReuQ_140000	Animal
8c8ruGI5dxE_30000	Water
IeUE4Rm9NXk_10000	Silence
pJJoOEXolnM_30000	Speech
W4yqLlXIci4_360000	Engine
-QNnqpm9q-g_240000	Sound effect
f5hCKNP2LPE_160000	Whack, thwack
0zuWAbfWCkY_30000	Female singing
Ed34e-yNGlI_50000	Child speech, kid speaking
9oNKyH5ynrI_10000	Engine
MHi7zwejXuY_0	Engine
HJGtRMubleU_30000	Singing
1QqnGMJs6Qo_30000	Female singing
J7Z-Rnl8J_E_30000	Animal
BM6ZM14xT1M_440000	Water
IndZldHjZJ0_230000	Engine
09lkYEwRaUU_30000	Female singing
1tOCtLJEYUA_200000	Crowd
EJGX2HD1xFQ_6000	Engine
GwKaTZZFsv4_50000	Gunshot, gunfire
YowRV14GJ4Y_340000	Printer
-78GZbMOtZY_30000	Female singing
9UEpcurQh2w_30000	Silence
LDTG9bJ4Lxk_0	Water
FqmwbSPG26o_30000	Laughter
U9o30JY6aYc_30000	Inside, small room
_ErD71CD8ZM_10000	Fireworks
sl2ELLD_dq8_330000	Engine
PRbOxRzYkAc_270000	Music
UbPgXImju9w_80000	Gunshot, gunfire
-gSWiXitxyU_28000	Vehicle
XF7W3ZjvPxw_150000	Siren
-J-a2vYXFrE_140000	Bird
AvqCIiyctAo_0	Snoring
gJEltIOZX9Q_8000	Crowd
-bhtkQBD3yI_280000	Laughter
52MjzmtlWXE_0	Fireworks
BVc9EoGo1ek_30000	Engine
VyIGhHsJhVY_150000	Inside, large room or hall
lQB_5M262xo_10000	Siren
4XApi5UszGE_30000	Female singing
3WFFmffQY1Y_40000	Gunshot, gunfire
CKxlsWvaKOc_90000	Gunshot, gunfire
3ykuX5FguoI_11000	Sound effect
1zsddD0Th40_12000	Animal
LdbvKfd59ks_10000	Snoring
4NrtUfVYS5M_30000	Female singing
19Gp_qFLMNU_30000	Female singing
5fEio0keXh8_100000	Bird
CBUAy9Zl6ZE_10000	Singing
1S1shnnPCkA_220000	Crowd
BPg4nP0qmd0_0	Female singing
FVX7HjCxfXM_30000	Car passing by
2BZc5DGoqzQ_30000	Vehicle
HqF7uiKEjUA_50000	Gunshot, gunfire
c3l2uRDJPqY_30000	Laughter
4ohdJOiFR0k_0	Child speech, kid speaking
RY-lV45jaBA_10000	Fireworks
D4ccFYk3bhU_30000	Engine
KiuKV_X-rOs_0	Gunshot, gunfire
I9afy85I8RE_30000	Speech
WHEHMFbEH8I_30000	Tools
RAAJyZ08T4w_330000	Bird
DcZPwM0Uv2w_0	Engine
71YmHYAmuDk_0	Siren
-3BVOZRXIrQ_30000	Crowd
-1AFbe1z8rc_30000	Mantra
09ngOsZ5UGI_50000	Speech
6__vitBYXko_30000	Heavy engine (low frequency)
1ds6wgeGccw_30000	Heavy engine (low frequency)
2IsoABoCaYU_10000	Mantra
9q8k_i8fXfo_50000	Outside, rural or natural
hFtlw5Z1ys8_30000	Engine
0r1dhLTnADc_110000	Whistling
lZcbXVXdVF4_10000	Female singing
PTGGskEIH4U_30000	Mantra
-lRc3Oeei94_30000	Mantra
FrK8-fd9cN8_28000	Engine
0Qwp9BTXmqQ_60000	Whack, thwack
AyuEAnwWXAI_210000	Speech
9gPDH1ns4Co_120000	Gunshot, gunfire
HZiI4OC7SCM_21000	Vehicle
2Nf2AXhUOdU_30000	Siren
qErxsWEjAoM_110000	Whack, thwack
PBqrYFp7lv4_250000	Vacuum cleaner
DPpmV4JqYsM_30000	Crowd
UkMNfrkNxUk_30000	Animal
_rYWDgHS3nE_20000	Speech
MkEtRG_aHGQ_30000	Water
6ICfseHTZSg_30000	Car passing by
1M6A2fo1cbg_0	Whack, thwack
5xmhBo-WHn4_30000	Water
HEaVl_grIjk_30000	Engine
2TG96fwZCiM_470000	Animal
CdFDBaNe_AA_110000	Mantra
g1brc_kb-bc_30000	Tools
8XxA2h1spFk_190000	Music
fSVKVudzLdo_280000	Crowd
Lo5qq_pXYm0_0	Vehicle
66oGiFT1BaU_30000	Gunshot, gunfire
XoWPycPYrio_30000	Gunshot, gunfire
6R_EUrm4c4w_30000	Female singing
55eSfKOUq_4_30000	Mantra
-01vvGRLG64_30000	Speech
6R8cO4ARzkY_30000	Outside, urban or manmade
YbKzcvAdiAk_10000	Whistling
8K7LPHg0YoI_0	Crowd
N_UgUoNVq4s_40000	Siren
Iwa7dUdwkGk_30000	Snoring
-AfTD-pqvKU_300000	Inside, small room
T3iOFc8oG-k_90000	Vacuum cleaner
4h-oY9JY_CE_60000	Singing
GDZoxGhmJcg_170000	Vacuum cleaner
1TSkVdJ_knQ_40000	Snoring
17zZjOGB-1c_10000	Crowd
5-YGMA9y0d8_40000	Vehicle
IrEJY7fu2Yg_20000	Fireworks
5H4jT2dsIE4_10000	Snoring
_z5KQY02rYI_2000	Siren
_4u2aPGH91k_30000	Fireworks
9Ijpv6e57a4_30000	Music
EVa8OnOLGiQ_40000	Laughter
2YXcqoFlYFY_160000	Fireworks
5utChWCzGZU_30000	Vehicle
E7kHBb4RrOk_30000	Bird
HS4sOvNFjlE_30000	Outside, rural or natural
6jXJamHvDN0_10000	Inside, large room or hall
VsdOoLvOZQ8_17000	Music
93ZwnFkH9DI_140000	Siren
_AwlFHzokFo_10000	Engine
5bMjMvorAv4_30000	Water
DdjltJj-nb8_170000	Snoring
07GtSo59JDU_30000	Vehicle
EbM6xnDqoyI_30000	Child speech, kid speaking
A4DBD1-_Jj8_30000	Mantra
751QPB8mDAg_0	Snoring
SpcaitGhsUA_90000	Engine
9Y089Q6pVBo_150000	Gunshot, gunfire
MpqBQw7MbMQ_30000	Vacuum cleaner
9P7HCth4clc_60000	Printer
-x_suGqeDJc_30000	Female singing
FRv3esVqquU_20000	Engine
LMO7HFXxtUY_1000	Siren
30DLyWeMalc_30000	Engine
-2oMQNmoqvc_30000	Speech
RZ5c0uELznA_10000	Fireworks
bRI0tBlQ8Y8_0	Printer
UrRFZrB7ves_290000	Crowd
MJQimqWm3c0_290000	Mantra
1VELkTIsZwQ_20000	Speech
9itwIDj_WRI_80000	Inside, small room
8x4VGuvQG5k_330000	Inside, small room
7T-TOXifI6I_8000	Crowd
8RFb0f0TKZ4_30000	Heavy engine (low frequency)
RMVoLCyslp4_30000	Siren
DhpkMwhxsPc_50000	Tools
0NBEMulgDoc_0	Crowd
nD9hAfgo5G4_580000	Whistling
HRR-mKS0X20_30000	Engine
Ibbj4Ef2p2Y_310000	Siren
l70yarlcd-I_29000	Vehicle
Oid2gWIsZMo_10000	Singing
6X4PxtMVtg0_100000	Crowd
XnXBd2PwrYY_220000	Child speech, kid speaking
EGAmy7R7G_s_560000	Inside, large room or hall
AX39NS-iYbQ_450000	Tools
68Yd7seR6OQ_30000	Female singing
RchhVeDKFss_40000	Engine
fQwUcWUHDVs_120000	Whack, thwack
PninpbNLNiM_220000	Tools
0ueJcLFBzTo_0	Vehicle
k0Ub2BKzJxY_90000	Inside, small room
e8iLbjXtCB0_150000	Speech
1KiHZs61B4A_10000	Bird
VbmSPT5dTW0_30000	Mantra
25NJiQNajtA_30000	Female singing
8ibq5Q0DgXA_40000	Inside, small room
DsBUJquZ6po_0	Child speech, kid speaking
6g3ZMgNYE6s_10000	Water
-1fpt3a7rO0_0	Laughter
5Cmlq4zRszM_30000	Speech
6P508z0heug_30000	Female singing
DhYxu2t7LYs_260000	Speech
34dLPi9-KnQ_30000	Outside, urban or manmade
0env0KeuooI_28000	Heavy engine (low frequency)
-1hkIUD3uvo_20000	Laughter
93uwy-U54NQ_100000	Singing
1tS04ihMG88_30000	Female singing
8_7zXx7yMcE_110000	Bird
5srpIcf18FQ_250000	Water
WeBNjulYjDg_30000	Engine
27yuklUCZa8_4000	Bird
oYdWhb0eTh4_10000	Laughter
WaXhqLGcri4_310000	Animal
-2JCJnTp5oA_11000	Snoring
76M7cNdhN2U_30000	Inside, small room
Hhy7PxrPkzU_30000	Mantra
BKb3YC0dmNw_30000	Siren
0LCtSP2hJvA_30000	Vehicle
C6qehvI4xDA_60000	Inside, small room
24RP3SmV46Q_30000	Water
JxvoJ_Bx2uk_3000	Heavy engine (low frequency)
-5SGvyg3wE0_30000	Crowd
0Fbbv0qt4aY_120000	Speech
hSOtc6jYxl0_30000	Engine
Y88E1_pFKlQ_30000	Siren
-y4E4q099Y4_460000	Vehicle
pfgi-U-nBgA_30000	Vacuum cleaner
40TBro2vm4w_40000	Printer
7nqo4NxbBDk_180000	Printer
ZYCjvNaIIjY_0	Silence
2b0eM8lWGCQ_30000	Music
6u4T3lU10iY_540000	Vehicle
Kcn1N17-4ik_30000	Animal
TQMcPijGnnA_30000	Water
9ppa4lXXspA_30000	Animal
0Exyxgss_q4_30000	Car passing by
-1P1BkGlClI_30000	Music
0c9GXDn_ueg_30000	Female singing
8ItClZaLg2k_200000	Gunshot, gunfire
8vc_jYkt2eg_30000	Heavy engine (low frequency)
J2lE9Urm7LU_140000	Female singing
LmsnecVb_GU_330000	Vehicle
EmgjMlzlo58_0	Water
2oJ_gUg5ja8_30000	Animal
9xaprQTvMyI_30000	Animal
CRvhI4OXvFg_170000	Outside, rural or natural
FsddAu1MeaI_30000	Music
Yf-ydeDpJ7Y_30000	Car passing by
-0lA_BwCXaU_30000	Music
2ngqQc4wqSI_240000	Water
zbiJEml563w_30000	Vehicle
5MmgR6GQDrw_60000	Tools
Aq58qBpVkv8_160000	Outside, rural or natural
-pGR_K3mIQw_30000	Child speech, kid speaking
pg69-21jOr4_30000	Music
Ju96j8k1v8E_60000	Siren
V3Q5ZbVNtLc_290000	Female singing
BhMgnBj20iU_30000	Singing
Y2uFoXjj13Q_510000	Gunshot, gunfire
MECAfSOzUY8_130000	Animal
OguFkltkW4M_30000	Mantra
XYLYSGfujKw_30000	Gunshot, gunfire
-V3vB_WmNcw_30000	Female singing
-3eNCKSgTXg_30000	Whack, thwack
JIPmgaDOHb0_50000	Laughter
jQSDrslCHM4_4000	Vehicle
7_BCMGtPW5A_30000	Crowd
O8GMMbC73y8_90000	Vacuum cleaner
0kMgsuBaC8s_20000	Music
Rjwrjl3UdnY_30000	Animal
aP1ALRY9G-U_290000	Whack, thwack
21vo-1B8g08_30000	Singing
-14zRWtiKts_30000	Tools
TflYSgUlNts_220000	Laughter
ATyiRvXGENU_80000	Whistling
39bBpHD21QI_30000	Female singing
XRzxr_gStFA_10000	Outside, rural or natural
Ag5N6_lXvpc_50000	Animal
DB5dfpTwuDY_60000	Vacuum cleaner
-4e3vLODztw_30000	Music
1s7kMcwxoz4_30000	Silence
-oVpfUHN3Ok_520000	Silence
-DltLbMsVDQ_0	Bird
n6SvDBZaCUQ_0	Siren
hYfRuQ-KAJs_0	Speech
JwN2qvSdFfw_20000	Snoring
0ZVB223I4eg_30000	Female singing
0Y6Yt2WDSVU_240000	Vehicle
-4YyoRSKYAA_30000	Music
4lypqfYJnfQ_20000	Silence
qvFLD-6TI5Y_140000	Speech
1pViEqMXJH0_30000	Printer
FJFAb1Vx0ts_90000	Water
Eb64yzQPv8M_28000	Tools
4H3o5E7Z6hc_10000	Engine
298Q_pSLflU_70000	Heavy engine (low frequency)
E6rp0n-Jei0_80000	Animal
PJUF2bjwKL4_19000	Vehicle
IeO8W3gzQOc_390000	Speech
1dQmkBZxwQU_30000	Vehicle
KUxdDj--jpM_30000	Engine
54_e2pFS2BU_90000	Bird
74NV8ZKhSbY_20000	Vehicle
KBdQ0ynObBU_0	Silence
Fj2A1vyADII_50000	Vacuum cleaner
--IqiaYyKLI_30000	Speech
4MWUiNIuQeo_11000	Outside, rural or natural
Di2qXh4e-7g_140000	Fireworks
hunUyVg1x9w_60000	Engine
2S4IY9V8UWU_20000	Laughter
9giys0nGI8g_0	Speech
ETj8NRV_6Ww_30000	Gunshot, gunfire
gPHtapBA56A_30000	Whistling
-wR66VdEje4_230000	Fireworks
EDwVV7hERfk_130000	Vehicle
2VMS64fFJps_170000	Vacuum cleaner
KqKHouHORXQ_150000	Music
0XXDTULhSss_10000	Vacuum cleaner
84ZEuP39a70_30000	Inside, small room
XTrrtoOYmWc_60000	Crowd
U7cIM1lUU-k_0	Fireworks
6QAgTu1F0k4_30000	Animal
0QkwUETWAqM_0	Whistling
HdxlCT99quk_160000	Vehicle
8V1sVk7bO7c_30000	Engine
IaTElYK1lVo_10000	Inside, small room
QdTEhAJbYHc_9000	Vehicle
5QbQPO1MWkk_20000	Silence
GjsTPy_I_kk_30000	Speech
iKgUc3hivxQ_50000	Speech
Mb4KHDUPC3g_0	Female singing
FKgAocW53lY_30000	Car passing by
0YvfZPqYn-0_0	Siren
J3t2HWxW92k_40000	Car passing by
5pjJtTuqgJU_300000	Inside, small room
IiMO6f8GG78_30000	Vehicle
PsRKLCMY6hE_10000	Whack, thwack
1X0Po0R7fvY_80000	Bird
0mD4OcdidBM_0	Siren
VQ-BNMKcBCU_0	Mantra
15DWeeSdC3s_21000	Vehicle
1gLu0cUzJdQ_30000	Vehicle
0EOQco76eXQ_30000	Music
N4nda7N3-W8_70000	Crowd
1aA2mFQ9BQ0_20000	Child speech, kid speaking
CEM4strIzS8_30000	Speech
8TvWc_MHhwM_10000	Snoring
-16HbarRpfk_30000	Music
7raHBAx3dJ8_80000	Fireworks
SULC89tVzbY_0	Snoring
CDepWu6nAu0_0	Vehicle
756wEj59F8o_0	Outside, rural or natural
EDd21V1lwKg_20000	Gunshot, gunfire
FjqsbchY4ME_20000	Snoring
OgyRAfvH8ew_30000	Printer
5CL6CbhmMkI_110000	Outside, rural or natural
OUyBB4Bn7kE_30000	Inside, small room
55wPalV07Hg_30000	Animal
HoOaMhGZ724_590000	Silence
D-d7YseUrYo_30000	Vehicle
6-CMq6xw0fg_30000	Music
IRMNfBR5h5g_90000	Crowd
49u3aMjg1u0_30000	Speech
VuPETSs5EzI_30000	Heavy engine (low frequency)
N6e5C5sXdBI_0	Animal
1-nKYO1EdLs_30000	Vehicle
JjnuEKCMcbo_25000	Tools
50A_t5-vbQI_220000	Vacuum cleaner
qNpcBdVbHyU_30000	Music
gWeiXk-RiUE_140000	Snoring
1PLw_lrvK3U_10000	Inside, small room
PZrUMf9JG-Q_14000	Snoring
BfJr0hKXyoA_26000	Engine
7y2j778HA2w_40000	Music
gIAn0f4pYlQ_10000	Fireworks
jviaGVJm9w8_20000	Snoring
-f1DNyngKVY_30000	Singing
HtXRy_nOC2U_0	Animal
W1s5BVnKM14_30000	Vehicle
7ZTqQbQ59C8_220000	Bird
BWO2NVicSrw_10000	Laughter
ADBIqspDWrw_30000	Car passing by
-_aVlbaKT7s_10000	Engine
-FcvUQIXeWI_420000	Silence
M11dqFcUj7g_10000	Vehicle
BaLGY1qltAc_410000	Animal
3kaZ43xBZPU_90000	Inside, small room
4TGWnt14qa4_30000	Crowd
1CQlWtq2e1M_1000	Heavy engine (low frequency)
clnyKJd7K18_10000	Speech
XBSo8qzLql8_100000	Tools
NWWSG_KRDVo_10000	Engine
WGnLxy8sn44_10000	Water
M05e2vaHjEI_30000	Child speech, kid speaking
DXKw_eTEt3Y_120000	Whistling
EZTCrfarRWo_110000	Bird
8SYpSC5AdV8_100000	Vehicle
2N3CUO0nIWc_50000	Engine
S6HRDChdC_w_30000	Engine
--RFHZELSb0_30000	Gunshot, gunfire
HDNNHhyJlCk_30000	Mantra
M3h8wigxdRs_150000	Tools
DJuA7jX-hl8_230000	Vacuum cleaner
-3jpnt2Y9eA_30000	Sound effect
C2-1t8rHYH4_0	Silence
SeT_NQVGNCY_460000	Crowd
Gv0RIGnK7Jc_0	Whistling
VKk4Ms_M6JQ_50000	Animal
-_xffBRiTUU_30000	Engine
-0JImD93Vkg_30000	Inside, small room
-gw4REc9KqA_30000	Vehicle
Hlxe1kqH3Sc_0	Car passing by
4G6XwLTVaI0_80000	Inside, small room
56zbHewJHJE_30000	Engine
ZduE8Mt5UP8_0	Inside, small room
79fc7u8Qp_c_30000	Car passing by
EyokcKrCrhQ_10000	Music
aoMAEt8CPMA_30000	Vehicle
RKbgFbwZKNc_20000	Laughter
gAfVrb5Q_Ec_20000	Laughter
1yog5XLHbA8_30000	Engine
AizyuRIasSA_40000	Sound effect
X9607OT1ymU_270000	Vacuum cleaner
9v_Jt1fBnpw_0	Outside, rural or natural
AjAg6xI6uDA_40000	Siren
HIN2Dx2rueg_520000	Silence
BAGu23njJT0_30000	Car passing by
TU-P-Zmm4mI_580000	Speech
-272tOPgLVk_30000	Vehicle
1oF3IsvTq-Q_60000	Speech
-OhP8mYFGiw_30000	Female singing
0ARThc_6bro_70000	Gunshot, gunfire
1YMBETzN4O0_0	Fireworks
HofKO-jJ8Mw_90000	Gunshot, gunfire
DYq0gklkL0I_110000	Vacuum cleaner
5R5hAyu2SWw_80000	Tools
-bZ4yrpTcjw_440000	Speech
37pv2CWCO3o_0	Speech
33L_VxhmawE_110000	Singing
9f38QaUboW8_30000	Car passing by
99qIrvVmCiE_30000	Whistling
-0MnD7jBvkE_0	Car passing by
iIlGSvQFHLI_510000	Water
86G-3Udhsxk_110000	Speech
BRQibUju2KE_70000	Inside, small room
B8H5I9QIJKI_0	Whistling
4cNA44C2jRs_30000	Animal
T2OhPJPOtyU_30000	Water
YPqLBahcFPU_0	Laughter
MC4aPzsSME8_30000	Fireworks
2hVMAKZtHFE_30000	Gunshot, gunfire
B2OAaUjGsis_180000	Outside, rural or natural
-K1Yc4RH-BM_30000	Car passing by
9uNP-efYgmA_13000	Gunshot, gunfire
-3DhoVDaChw_30000	Music
-2FUuq_nNOc_30000	Speech
-47K0m06Gbo_30000	Music
Z8DJUuYFlpY_30000	Female singing
jNS4EJOwk34_3000	Fireworks
FFrcZu2jaRQ_30000	Engine
0ZGlkiLgKpQ_70000	Water
MQz-wrsQLXI_10000	Tools
HRCoE2J1Vfk_480000	Vehicle
4Wt2YvZQKxc_30000	Female singing
I6jAxHjlvrI_30000	Printer
BLAbfh5v41I_10000	Tools
7H2VPdDAUsw_30000	Female singing
LWQ9-VaksmI_30000	Mantra
FMHkP3esY1o_30000	Speech
G1JaKa3zdZ8_25000	Outside, rural or natural
6VHESrGUmUY_30000	Female singing
dYdXzZDnTjM_30000	Snoring
--4XCYPABls_30000	Whack, thwack
0-NUiOvYP6E_80000	Animal
-4HnZiKXyPM_30000	Music
-BjORVxy9z8_30000	Female singing
PzyaHCHv3fc_130000	Printer
4sSV4iIs8gQ_50000	Laughter
MPk1PueAk4c_30000	Vehicle
o3pPNFehi2A_70000	Laughter
Q9q7aqjYSnE_50000	Crowd
Mf6q-_2PdXE_50000	Female singing
Ln3fUJoXCJY_30000	Vehicle
21MaDqu6zvw_90000	Printer
FYfSTBhwQFs_30000	Vehicle
N5c_9UL_hog_260000	Vacuum cleaner
02Nbja5DOMs_10000	Snoring
ax1GBzj5s_8_130000	Speech
9qr2QhXhzKE_7000	Car passing by
UCmdDS7JNKc_310000	Vehicle
6oD4WyNaCak_60000	Inside, small room
RwKvsaF1sC4_30000	Siren
dmVqv4ycRXM_30000	Crowd
6cqnU924VPY_30000	Mantra
-50rrCHxUSs_20000	Gunshot, gunfire
0OeH3S7C2pg_40000	Vehicle
8kOQiGtnrOw_180000	Tools
BpeDsD8HsA8_90000	Bird
7ez2AuOq9Wg_70000	Animal
9aPipZ5FeV8_0	Laughter
EucI7DPA3CU_30000	Printer
-23HZiYPRo4_30000	Speech
DWF0Klkry4A_2000	Engine
i-f3LTNkz-0_30000	Laughter
AgTyGFBgCgk_20000	Sound effect
7e46Hfy5j8g_30000	Car passing by
8JKbd5y3Pdw_30000	Silence
AaIyiZzru1o_110000	Female singing
Lno1iM_gPCQ_10000	Mantra
Ntwizki4GIs_70000	Sound effect
4Jwv0xgOkZE_30000	Mantra
5ERNV0WnyFs_30000	Whack, thwack
2lfDMOvacds_11000	Animal
H4SNUOcNeXA_30000	Bird
OF1xXAPFSms_50000	Snoring
klbOD_FT6L0_270000	Child speech, kid speaking
3cNaiUw0X8k_70000	Inside, small room
J6PQP3aO7qw_30000	Mantra
0FZolOpkCwE_7000	Vehicle
1Zj1SvlzI1A_10000	Tools
T8bXzP__8VQ_130000	Engine
Dxer3ZqLMgE_0	Gunshot, gunfire
20yzDDdLKqM_0	Printer
Ab8E9mCIPI0_120000	Engine
845HWfSE4pk_30000	Crowd
Ni3dIj90Oa4_10000	Speech
9Gmqlieq8b4_210000	Speech
NwBNYWz7ZMg_10000	Fireworks
VS3TX7R3MzY_390000	Animal
1EY7qxu7w9I_30000	Outside, rural or natural
R2-EYMNbj9E_20000	Gunshot, gunfire
8ZjVr2H8sHg_40000	Animal
HqZeky1S7NA_15000	Silence
BJGjPLn_MmU_240000	Animal
3-sA_PCEK_s_100000	Inside, small room
DWkE5rpQjsI_430000	Tools
QQbr9dhu04k_30000	Engine
YwMN9U4mHfk_10000	Snoring
IiS0ZtEYgPY_140000	Fireworks
1AcWMfmdxjo_40000	Vehicle
YGdKCo6lkdE_30000	Music
L1i9BxM3jXE_0	Whistling
iPKi8YC4C9Y_30000	Printer
Ata4Hjx4bN4_30000	Animal
88_j7TZBW_U_30000	Outside, rural or natural
ToqXEyyNuCU_20000	Engine
AUliLdyd1ZU_10000	Vacuum cleaner
B_cOV2Vl4Fg_6000	Vehicle
3CuNbYB5scs_26000	Laughter
Gs2ij3Wf_no_90000	Vacuum cleaner
8uArjILHuHQ_80000	Vehicle
Q5CppUwdfQo_40000	Crowd
3upbmOPdlrE_30000	Silence
F6LFAKUwkUs_30000	Inside, small room
9N4tLGH8kqc_140000	Tools
Rp-l37CHY8E_30000	Engine
0O-ayz7W1K0_30000	Vehicle
6M3qKZk-fPI_30000	Engine
HQeGwr-Wn-Q_30000	Animal
0wXunyUO6Ec_10000	Speech
Hyq_Kc64Fgw_10000	Water
-hq3T8VLu4g_30000	Mantra
K4Nmj9bspA4_180000	Whack, thwack
As_8V2k92IU_40000	Engine
ArVi8XvUg0c_30000	Mantra
DXimfKnsWkk_30000	Mantra
K9IP7j7yHqE_10000	Crowd
TrYZJxCeMWI_30000	Crowd
QA94gAwekBg_50000	Speech
RuqAOdaKSTY_460000	Fireworks
1V9QZDVbuFA_30000	Outside, rural or natural
-_xI1k60edQ_30000	Vehicle
co5yzv6GvSQ_90000	Child speech, kid speaking
4FhcQz3dGo0_0	Tools
AdrP2ISuuRc_0	Silence
CuS-ok0xG9g_0	Inside, large room or hall
9ccL78e9z4w_30000	Siren
Ig7AZwGODmY_440000	Music
sFT9NjiGB54_19000	Vehicle
MdAI1rE1k-Y_200000	Silence
DTlkKcMJfTc_40000	Snoring
-heLP821ih8_30000	Outside, rural or natural
F9vueA75V4s_20000	Inside, small room
SsEi1zcSTfQ_19000	Vehicle
irNlF8wggHA_0	Whistling
1Rmu4XWl5Hg_30000	Tools
Sn8SCXo8rzc_30000	Siren
6ca-ITtEp8s_20000	Tools
BffYqgDXWHg_40000	Female singing
Hq0ZkxHHLMk_400000	Snoring
535-8Dt9bjU_170000	Snoring
-bf4LMAt-Tg_12000	Engine
HRza_F8qIcE_20000	Gunshot, gunfire
UvKqEvklyyI_10000	Gunshot, gunfire
7k1OIKz7O4w_26000	Vacuum cleaner
4tKWq-8o6lM_40000	Whistling
2RB-nenkYUk_14000	Engine
3RgVuFbs-Pw_10000	Water
ISPuqmyOibw_22000	Car passing by
0G50t4FlbIA_60000	Speech
g2sD6w-D2wI_320000	Child speech, kid speaking
7HXiTVCIiQM_130000	Vacuum cleaner
K6ax-C7w10E_10000	Bird
R6QkcuE4agg_30000	Silence
39I0igiJeDU_30000	Vacuum cleaner
71L97wy61yo_100000	Snoring
6lxyE_O7pLE_130000	Whistling
Do609s2sQ4U_60000	Gunshot, gunfire
4oyLMO10V04_10000	Snoring
pyADkQufbLo_70000	Fireworks
1tBLf2se8mI_70000	Laughter
A5HFDNuz_n4_30000	Siren
rYojIIvr1w8_250000	Outside, rural or natural
A_CKld-W8p4_80000	Vehicle
0y5ZMfoo3EI_30000	Water
2KqweEQnr-g_220000	Inside, small room
7oUfOX0GI2o_0	Child speech, kid speaking
D1eKkJwU9KU_30000	Sound effect
0w9m9HqRR1I_150000	Outside, rural or natural
0nlRmG32y50_30000	Vehicle
EL_OjbxFtp0_21000	Outside, urban or manmade
puLUXQRON-4_0	Crowd
Wyfm2doaEDQ_110000	Bird
1kA4nSxrphg_30000	Inside, small room
k3XzBG0aoM8_40000	Whistling
VgFZC7ep8BM_20000	Whack, thwack
BvrSn3EVXwo_0	Female singing
3L3lrbJT9DA_30000	Whistling
68UK0dhFu1c_30000	Mantra
Md1-IjFM90I_60000	Mantra
-MViH2bhxW8_30000	Vehicle
5lyH2D4YQPs_30000	Child speech, kid speaking
GXsVOaE-0Ds_30000	Vehicle
3uSBPiS6AhY_12000	Tools
-P4HhfUYUTo_5000	Gunshot, gunfire
Du__yXzkkBg_280000	Vehicle
V9VHQx_w7AM_30000	Siren
-2cr3Vgf7rI_30000	Child speech, kid speaking
b18SYpItAyY_14000	Gunshot, gunfire
0G18UIx68cA_30000	Vehicle
_uPes0FoOzk_0	Fireworks
ORcbHAuWSa4_110000	Water
3_Kyk4m8eLI_0	Inside, small room
BzoYUM4-rh4_590000	Silence
SbjztkOaJEk_20000	Whistling
QJaK0m2ogjI_27000	Whistling
C57nQayrFDM_0	Whistling
1JUg6Zh5hcs_400000	Whack, thwack
1j7UodgbaXE_19000	Car passing by
fbEFZ0Pyh2k_130000	Siren
CJ_jV1l19IQ_310000	Speech
SlIcPXH2Ses_340000	Speech
0_gci63CtFY_30000	Crowd
PDuvf9yhbqQ_0	Gunshot, gunfire
056B1c_iXHw_50000	Engine
GSlm_V0XDAA_20000	Laughter
9Joft2nzAkA_10000	Fireworks
K9ItD_R6I08_320000	Silence
4vIIJNiwtas_40000	Outside, urban or manmade
3q69KvUZGYc_30000	Gunshot, gunfire
RfATF6_2Qxo_590000	Inside, large room or hall
kEu-w7UbCPE_490000	Snoring
D0qQxq58Akk_21000	Crowd
FWKY6vtsJEY_30000	Car passing by
f2JhDP4udj0_30000	Whistling
4-mMV0n_FF8_70000	Animal
DfWqZVzsypg_10000	Vacuum cleaner
CJwlj_9CC6A_30000	Vehicle
AyEctiqVYQc_30000	Printer
F7VVbCXLOGM_30000	Siren
16pUWMX0doc_6000	Heavy engine (low frequency)
n8nQgURSEAA_230000	Laughter
65DUfEXWROE_9000	Water
0U958E0WjlY_30000	Printer
2nFGzlJzxEU_260000	Vacuum cleaner
ozNLJKK5XsQ_70000	Laughter
Cdq3HHmopHo_450000	Gunshot, gunfire
-0wkq974p0Q_280000	Music
4XPGUebiO3U_440000	Silence
QSaXDBWVtsc_190000	Vacuum cleaner
LZMYNmux53A_100000	Crowd
CP3phqztym0_30000	Music
TzAQIg7cATk_10000	Whistling
8_kiMM4sILo_30000	Car passing by
3qya1PIqNbk_18000	Speech
CVvj-wU5cWw_210000	Music
_O8McAV777I_30000	Engine
JByTafA7omk_29000	Crowd
-j01wa8w-Aw_30000	Car passing by
Q4s8RH4nQGc_250000	Fireworks
PAYvEtQtmhM_0	Animal
6xl1HLZADAI_130000	Outside, rural or natural
-0JYEEzlT-8_30000	Vehicle
76hoLVi_Eo0_30000	Female singing
ExnzboJRYsM_0	Bird
hilPzCDIxo8_10000	Snoring
EGauC6O1BIc_70000	Silence
-L2vmf8nMIs_140000	Whack, thwack
L8sMVRvVui4_30000	Mantra
8vFJX7NcSbI_30000	Music
RMFGseUUyCs_30000	Heavy engine (low frequency)
-PbK0nDNJLQ_16000	Vehicle
FPe598uzKy0_30000	Vehicle
-xHSqG40NoM_40000	Laughter
kTM0stAXbm4_30000	Car passing by
2D4bDOIAkDA_30000	Outside, rural or natural
6z-dL88b-c4_30000	Vehicle
8jj-p42_7HA_40000	Heavy engine (low frequency)
4FqNXrz9F4s_30000	Fireworks
4sI23gTzpws_160000	Snoring
9VscdMoNS-Q_50000	Crowd
--WftAg8r5w_30000	Speech
Dl8e2Z2WEF4_40000	Vehicle
KVnLXdYJzls_260000	Vacuum cleaner
9msbV4UpruM_10000	Inside, large room or hall
MiWQcl5EGGc_30000	Vehicle
b7zHk1J1Mo8_200000	Female singing
2pYtX-Stpys_30000	Whack, thwack
CFsdbWSTqvA_80000	Siren
QxuWWnmfBMU_30000	Laughter
-0Yynyhm1AY_14000	Car passing by
7yK4-hsVX1o_30000	Music
C81XL3nATes_30000	Water
FG1gJNkaWeA_30000	Bird
3S92WoeLP4A_30000	Water
wDJt7-IUdcY_160000	Bird
L_H4G_xketk_420000	Whistling
QjRDZatM4VE_30000	Crowd
Z8J0g6K6cSo_30000	Vehicle
4bOHkHnG2jA_390000	Speech
Qjm9oTBNxF4_0	Animal
1c1y95dT34k_290000	Engine
VIrkpnpvNR8_10000	Crowd
FPCMAaSWZbU_340000	Mantra
6m-OvmmaZ5s_400000	Water
LnRuizGMEmo_30000	Siren
23y0TlmUyF4_30000	Female singing
GRp_GTmJmjA_30000	Female singing
Fvipc-olWKs_430000	Mantra
9xy_3CrpTOo_190000	Outside, rural or natural
BgZoIcRS8Ls_70000	Bird
5udmt-msog8_0	Siren
1J-E-QqJdkg_30000	Speech
d7XAa66iR2Y_240000	Car passing by
2SF_FyFM-3U_0	Bird
ipzs_rpnf8Q_130000	Snoring
XFC2Cm2tNKg_10000	Female singing
3cfQ_lU3NyM_20000	Laughter
6OuGeE52D5Q_0	Outside, rural or natural
PUO1J-FVhzw_70000	Vacuum cleaner
CEQR2-EfaBQ_25000	Vehicle
-2jLDPqx2Oc_30000	Vehicle
JErx-AImWqk_0	Animal
Dfu2Yz4D8c4_10000	Animal
gPXd_5TQCiU_0	Laughter
hFiR8vMaG1s_30000	Whack, thwack
Qg0OWAZnITI_10000	Gunshot, gunfire
Lw7VErj_Pv8_0	Crowd
g0nAZrzzUBw_10000	Speech
owoOg6Rb7-A_110000	Vehicle
BCFPHsgCQ2c_330000	Gunshot, gunfire
BgaMEavzCEQ_30000	Siren
7NBcVSIqw6Y_30000	Vehicle
3CxQzfrjQ3Y_30000	Vacuum cleaner
1xwwoR3WSPQ_0	Siren
QP-lJwIZGws_30000	Animal
9Jdp15V5fpw_30000	Crowd
-15g2a3m0WM_30000	Music
UjSRLnhQZ1I_40000	Child speech, kid speaking
72rbBVhJlBA_80000	Bird
IV1lNTFz8Dk_30000	Engine
Gkx_x8WZXpM_10000	Laughter
3mLwSKLG4io_40000	Silence
WmJUnCuysR4_29000	Engine
4FOOmoukpJc_12000	Gunshot, gunfire
K5V8wzA2ns8_230000	Tools
7nglQSmcjAk_30000	Vacuum cleaner
3QzZMhBnSHs_30000	Vehicle
-jRnhkfcyXs_40000	Animal
BFg_3nTzgJk_70000	Outside, urban or manmade
SB8euc0HIcU_30000	Inside, small room
3VepHoN3xdE_130000	Silence
F_C4FAxF9oU_0	Inside, small room
-7D5jvvSNuU_30000	Vehicle
KKa_yVrn-oM_120000	Printer
5TKKBzNz2VU_30000	Female singing
GzqEMAwESoo_20000	Female singing
6lwAqJ4me7M_30000	Whack, thwack
64hahcHZ2t8_0	Heavy engine (low frequency)
EPhWfFMtGw4_30000	Animal
3TO4C7SiC7I_30000	Singing
gWqVbqwmhkw_500000	Whistling
7IkQAvq3auo_30000	Bird
-nio96ogJ3E_30000	Female singing
h74wnoHLxck_30000	Vehicle
eSqjwLE30JY_50000	Speech
Gz-mPfGavLg_20000	Vehicle
8dOLKt5RZDU_30000	Crowd
5xIGqs7TrzQ_270000	Silence
DNx23z9BUB4_20000	Snoring
KFKltqeP5NY_90000	Music
MnP5BkxrR0I_30000	Engine
EBDq4Fq_P3M_0	Gunshot, gunfire
IzLFWUk4zBs_30000	Siren
4QaLc2nJ6UQ_23000	Animal
NIy93-yQvC8_60000	Gunshot, gunfire
JAiu2Fagq_k_30000	Car passing by
8nWogsLPQTc_30000	Fireworks
MfdXlYRWvUk_30000	Mantra
D7AUi7o2saw_260000	Bird
aQOIEKDgPPE_21000	Whack, thwack
5xklhqtPZho_20000	Siren
14vbVhCbKVc_30000	Speech
Juex-zs5Luk_30000	Animal
5zjPUbTHgYY_30000	Outside, rural or natural
P7MdOnAnRGU_30000	Siren
DFLQwoDYW4I_30000	Female singing
9U7lo7Ziglk_30000	Speech
Kz1w4Watzd4_30000	Female singing
AAfJZ9lb6SM_20000	Speech
4muBU9CErBA_30000	Whack, thwack
0QFygwhVcLc_30000	Vehicle
0r8pw4FViC8_30000	Vehicle
_RbkgqZFPZo_150000	Fireworks
SkxW3xe0pLs_10000	Child speech, kid speaking
AQ_R4JC9ueo_20000	Printer
45RzjzYTGUc_230000	Animal
AabLItDN-qk_90000	Vacuum cleaner
5eyKN5xISCc_30000	Engine
0rfJWx9fDnQ_0	Silence
KA7Id4lyLXQ_10000	Gunshot, gunfire
FvckaUtTDrU_30000	Crowd
BmTp65EI44M_30000	Water
5FTt273joy4_70000	Inside, small room
332Q5m6oAXU_40000	Tools
vM8jzj2bAG0_210000	Animal
Fa0H7GpeIUk_390000	Printer
0wDuO4hjIuA_30000	Tools
8MegGGFwr9M_0	Snoring
4leQVy5w9l4_30000	Mantra
NveQfYzne6g_0	Silence
0EqGcNfnnlw_60000	Silence
apK9Im49gaw_30000	Child speech, kid speaking
_UJ_hw_WDGk_50000	Vehicle
G134NX9gLcw_30000	Laughter
83MyFBMUgHk_30000	Music
2AutzvMnxWk_50000	Animal
0be2VHPptTU_30000	Snoring
CiKq_vjmV4o_0	Whistling
7zfYdcgMQMY_30000	Crowd
DsZgi-Lc4hQ_310000	Gunshot, gunfire
2H8uSm76z7M_30000	Outside, rural or natural
D9SsRofyWl0_0	Speech
8kvAdUSm5BY_0	Laughter
10PRF-GMg6c_14000	Siren
RzUI2eKFltI_6000	Whistling
8O1idmiAzJA_20000	Printer
PZKL7Jk_eZ0_220000	Whistling
00FD9FOuGlM_30000	Speech
acEWHYxkciQ_50000	Mantra
3epkOM1_9LY_40000	Snoring
JPbOs_N49Ao_30000	Crowd
0HB7rlqxIt8_180000	Singing
FvdEtII9fl4_30000	Mantra
WPGUgoYtwPc_0	Singing
0Y6W9ARBqEs_160000	Sound effect
4INQV9Mzy4U_50000	Music
KD069bw-fk8_0	Snoring
64mYn3Oqax8_10000	Silence
OC91IBhiTsQ_30000	Whack, thwack
-dEVqx9YihQ_30000	Mantra
4y-0BTPqtcc_30000	Female singing
2EAg5OiCkBU_210000	Inside, small room
LDaU-vWNrlU_10000	Engine
I0PNFWOS91c_30000	Silence
QwqFECthxko_20000	Speech
78BAV-vfsao_30000	Female singing
5PCRP1sDdB0_230000	Crowd
A9IXjQVxnE8_50000	Outside, rural or natural
NGd3cAI1E3s_30000	Engine
74JIDfIUly0_13000	Outside, rural or natural
65RMFKA_H94_0	Vehicle
Exgg2GS5ibs_13000	Inside, small room
F3e8TjCxAMA_30000	Laughter
9GhRzep2Sjs_30000	Engine
08ukY28ajJE_30000	Sound effect
HqP_9D8m2_o_50000	Laughter
-6GcdDStIwM_21000	Tools
h5NTDVXiTiI_50000	Engine
G4iNOd35-Y0_140000	Engine
3lcy6pzb3zM_30000	Gunshot, gunfire
DUcpiVNfHZM_210000	Gunshot, gunfire
FR0cOQrzaWQ_280000	Vehicle
39GBNXmXBEs_0	Silence
XfKJWegWVZg_220000	Bird
A7yfgflGH7g_30000	Gunshot, gunfire
4jcciLK2l1I_30000	Female singing
Bpxh6AqqgiU_30000	Engine
GlG3-8k7Qxg_10000	Vehicle
DCQijcebgGw_30000	Outside, rural or natural
6w3UumN2PJA_290000	Vehicle
1kUeturqXOE_26000	Music
2w7tW1TMcPI_30000	Speech
06dF2vA_MmU_12000	Engine
p4_yZqul4Zg_0	Fireworks
JCPeQKrMefY_100000	Vacuum cleaner
ADvKnzM3lII_250000	Speech
Y2Kmy6wTeUY_560000	Gunshot, gunfire
8-piB258Fuw_10000	Fireworks
gc9Ceh4ltaE_30000	Speech
V5JY0cdBRpE_200000	Animal
6jHvpd_IHwM_30000	Vehicle
FIvra2FX2WM_140000	Snoring
C2VeDxyMLHo_170000	Snoring
OKQAOf4PPvQ_130000	Bird
7_vCA6LmUNU_20000	Animal
jR3A-ROs7bk_30000	Car passing by
LpiG1ihnt3A_23000	Silence
A3DW9fyf8lA_40000	Printer
71KE7B1vvdI_30000	Music
aNVGbXibT6Q_20000	Laughter
6ZJtlJ4xA_8_520000	Laughter
-W3Y53YUVxU_10000	Snoring
1vXi98Y5u3I_30000	Mantra
-XlGIeDb5l8_30000	Vehicle
3LqtwY8ZMnw_390000	Silence
0QYedLfOwcI_40000	Speech
AU6NZzHM0Mo_30000	Animal
CsFmKrHO5b4_0	Crowd
Kdn_KmQZouo_30000	Vehicle
V3wza_gtzTw_10000	Vehicle
E0b-uoKYTwE_400000	Inside, small room
HT07j-3nfTs_30000	Animal
XylN-peaJOA_0	Outside, urban or manmade
m1n5_ga1zp0_80000	Vacuum cleaner
M8out9CB9vo_160000	Mantra
KEENYMDCzmw_30000	Silence
JvOzde-1Q7g_260000	Whack, thwack
W3mItMi-CEk_90000	Child speech, kid speaking
-2NfIEYEzYg_30000	Speech
Kqu3pMD7ioI_30000	Silence
DP2vmsftZHY_30000	Music
7bzdZtMMoag_22000	Vehicle
-lCQNMu1Hjw_200000	Vacuum cleaner
05vDY5lL3zs_30000	Fireworks
D_1dxTkIUHg_180000	Gunshot, gunfire
LjpfqXpJECM_18000	Silence
JgYiIwNcoHU_30000	Mantra
PBuGpJVJzYE_460000	Water
N6rU2GYcgHs_250000	Crowd
OqL7ECFnpsY_170000	Speech
7nf2FCtzx7A_30000	Siren
hcFxyJpKrko_20000	Child speech, kid speaking
10xYoGvLePM_30000	Vehicle
29iZmkbN4y0_30000	Female singing
8LL_BqzEgc4_130000	Gunshot, gunfire
J0tom1UyQSs_30000	Heavy engine (low frequency)
FaUGhUvbI7w_170000	Bird
4utXb3auOew_490000	Vehicle
4Foz-Y7YjKE_30000	Animal
B-kd0SecBYI_30000	Water
3ZNaM29HfXY_0	Whistling
HhwbgeftMSk_70000	Vehicle
9wBi1Ezc4OY_30000	Gunshot, gunfire
DXlX82LxMdo_0	Fireworks
JUCL9TMaA74_30000	Vehicle
2jPTZqSW3LA_30000	Speech
6R6oPs1TRyE_100000	Engine
DpaLwaoTMXU_30000	Vehicle
--kVrotTC6g_30000	Crowd
71Ip-XpntRE_50000	Speech
-EQt6lldqcs_9000	Engine
-4oCPTWi34w_30000	Music
9Ryu_fxrcHU_30000	Music
0bOrVi2nh2U_30000	Mantra
7WTI_LNpSGw_0	Vacuum cleaner
5Q4p4ixoWAo_30000	Siren
2ejZC3xRkPs_30000	Female singing
22B-lBmDaSM_30000	Music
fuFTyj_Vq9g_30000	Vehicle
n3f3a1D363g_0	Fireworks
6uL3zN437f4_10000	Siren
-JxVr1N2vQc_30000	Animal
Tugl6tM1Y0k_20000	Siren
78BivgombIE_90000	Music
iEfL6Y26gSU_50000	Gunshot, gunfire
0TiOde8pyGU_17000	Outside, rural or natural
6DT38dp81L4_20000	Animal
ZtuGP11F9jo_0	Fireworks
-1q0LzM3h6Y_30000	Speech
fqZivkfrNgY_150000	Speech
6KsYqiDt40M_40000	Water
GXuf-NhGtZc_30000	Whistling
Qb4sVAFscFo_30000	Outside, rural or natural
4JRR9JT2ZCU_0	Crowd
CmNDkct2Lp8_90000	Music
8nbC96LgTfk_30000	Engine
CMEzGvav_oA_40000	Female singing
IQ0J9a4_itk_30000	Silence
BtNWok3hclw_30000	Siren
6wWR8br5ljs_90000	Bird
46VfKMdWb-A_16000	Engine
NTYRcrPSoRw_30000	Crowd
0mwESBHBdys_30000	Heavy engine (low frequency)
0QjsEiUzYwE_7000	Vehicle
c6GuU4OiTcU_100000	Fireworks
SCnNTQ003L8_210000	Heavy engine (low frequency)
B-AWPPduh8Y_20000	Silence
OMd2RgvJatU_30000	Siren
7HKluxN0_gs_20000	Engine
D0L-M4trkpw_210000	Music
MbOcBr1hHGs_240000	Outside, urban or manmade
GcjfqrT_qG4_170000	Crowd
Mn24yKyVqtk_280000	Whack, thwack
A00XIsEPI0k_0	Siren
B9BYhhGlAUc_20000	Tools
At-VMrGT1Y4_30000	Animal
CpDXqjsPP7w_60000	Animal
F0Omj8D7rOg_0	Vacuum cleaner
1eMGXt0Rx4U_30000	Vehicle
Jj3Ie49Mzik_20000	Whistling
XYkMcnapOsg_30000	Music
9tj9qXLNjiA_30000	Speech
8SlIfI7eZAM_40000	Female singing
BKKlLXPKlwQ_80000	Tools
6thBbYUPrJo_0	Child speech, kid speaking
-54AZEyQH3A_30000	Music
BB3-24MYW0E_90000	Inside, small room
8n9O-53TQ_M_110000	Printer
-Ym1_Gbv34Y_30000	Vehicle
1OAeM80mt1s_0	Outside, rural or natural
HO1eNTTTyqA_220000	Siren
3lbJzkctdDM_30000	Snoring
NZ9XtPEM8O4_130000	Tools
DrFnPkKFtyM_30000	Car passing by
0CMLPiSrc2I_200000	Music
-4xAKlaoJEo_30000	Vehicle
HfExrXwQhhc_280000	Fireworks
dp7o_nfzKBk_170000	Whistling
jEFqDWYr_Ik_90000	Whistling
HfMY66uSUcs_30000	Vehicle
6ajlhNJVxJI_0	Inside, small room
KE3tvbo07e0_20000	Bird
6DvgDFh7avU_10000	Gunshot, gunfire
8q0Y2sG8RX4_60000	Sound effect
YS9YFx92HtA_10000	Snoring
1ClTku3KlV8_80000	Music
5lYr8Vu5XeQ_30000	Female singing
-y2wweFxjiE_30000	Female singing
CTU_ZD8nQ5I_30000	Vacuum cleaner
C7kMPswjxhQ_30000	Vacuum cleaner
4EMHsIJLk3c_120000	Gunshot, gunfire
rSNHn9tNQt4_0	Fireworks
6wyD9ktSxYw_10000	Animal
4s6VxF4rbvY_30000	Mantra
Fx9M4TK54YM_110000	Female singing
Gn6sfjUwdVM_30000	Mantra
3A5GPc4tqzk_30000	Female singing
--FMnzXQLik_30000	Music
-1DmLWpg9_k_30000	Singing
1JqndYpLP4g_30000	Crowd
JCAgroR_Acw_0	Vehicle
tPJ9t3jIBjA_550000	Engine
DxmKWkY3F2E_30000	Water
6NWpyI8ZC7o_0	Vehicle
WTx7R_iHePI_30000	Snoring
aXgGLSqyyYs_40000	Singing
4TgMdtA7-ZM_40000	Bird
VXGxXnBSEvk_50000	Engine
ZNOmaaoShi8_30000	Vehicle
JWAQjlS2OEY_10000	Whistling
-QG6h4Aw5W0_0	Animal
-pxKb7MGnec_40000	Fireworks
FKsgxdLkwv0_30000	Outside, rural or natural
EatHDeCASTE_20000	Child speech, kid speaking
NDovY5OEt2o_30000	Crowd
DpfED0AZg2U_70000	Singing
HGSoNQmwuTs_260000	Whistling
e0Ry0CfYZpk_160000	Inside, large room or hall
LNrsbZBxIEo_30000	Animal
7vUOuQFpl0I_30000	Vehicle
-5xPBSd43qA_30000	Vehicle
02__Emrsbx8_30000	Siren
6YT8s5xeuu4_22000	Fireworks
rnm8TjglYlA_30000	Fireworks
NXeTzjJRgAU_20000	Tools
4ZfWlaoF9SY_28000	Animal
CC8iA1wX0W4_20000	Female singing
lSS2knT6esU_30000	Car passing by
47PADYz_7Wc_30000	Female singing
0DEEZRW1laI_0	Gunshot, gunfire
RNwwpFlQ5A0_380000	Tools
QxsMGi6gdlo_30000	Vehicle
GcBYVb18Y_s_30000	Animal
DdjKeBuTqQw_300000	Music
Gn6Mo8dB1dA_60000	Animal
HIQ4Ldt7ER4_30000	Vehicle
9sRiZC7Q6fk_30000	Engine
34ivlkO9igI_30000	Female singing
8FUvHdgly0k_30000	Animal
7Wat_2UHu8o_0	Printer
bAC8RruVDXg_30000	Tools
84SkhAUakOs_30000	Vacuum cleaner
0NmCZIg3K2g_30000	Outside, rural or natural
chP4dUgq1hg_130000	Sound effect
7sH4ogOZ5Uo_290000	Crowd
4W7CmCT6Soc_40000	Laughter
A_VfK4OzNpY_10000	Animal
mp-94qJ0Cc8_80000	Speech
1ERXAxEHDt0_30000	Whack, thwack
68WhZH-3qJA_450000	Animal
KKwmfrvmFRY_250000	Vehicle
QwU8qeqK2G8_0	Child speech, kid speaking
OODFF1d2cK8_30000	Mantra
1kc968WZ9dw_50000	Animal
cJyiiH7JA7c_170000	Vacuum cleaner
gJKwNT8QSEI_63000	Whistling
DcbzE8AnLcE_30000	Siren
1mf8AA8r7Xs_20000	Whistling
LyIhmCTPLUc_30000	Child speech, kid speaking
3EwizSl_iRQ_80000	Fireworks
eIVfIhi5KZI_10000	Fireworks
9hWa7KENfo4_150000	Printer
54z-lKQzqJc_30000	Female singing
9qEhyQfbImY_30000	Outside, rural or natural
QC-JCBbOuNc_30000	Vacuum cleaner
AbNtfCdQPXg_200000	Crowd
DrMJuwgYDpk_30000	Engine
FwHIq44WsgM_40000	Female singing
f7qTUaS4zg0_20000	Laughter
4bWhDx1SjmM_30000	Female singing
12bmrnsbXq8_140000	Snoring
3y40oN-WDAo_50000	Animal
DQUZp2043Ak_30000	Printer
4boFOKUdA-I_430000	Whistling
1Hzx2KLc37Y_30000	Sound effect
ErOQx6MhANI_30000	Laughter
2A7xNU3TtbA_0	Laughter
USnf8hwh49g_590000	Speech
Sb5nf9DkzTs_50000	Laughter
Dif83bIO6M4_30000	Water
43eookduPC8_0	Inside, small room
j0F9mLuDDZo_550000	Speech
5KFDCYJY3hI_30000	Bird
EfLLJxQyAY4_210000	Speech
00lZRGuXSZ0_190000	Music
-ypYFszQdNE_19000	Heavy engine (low frequency)
-2jgbO0WR24_30000	Speech
UMO8Vqn4k9g_30000	Vehicle
KdLXOqzA7EU_450000	Whistling
DO8Db_i7IVc_30000	Crowd
DEITD-0fu7I_30000	Mantra
-G04QpzSpbU_20000	Speech
Gk44Y982v4M_150000	Speech
Kf9rf1lIQvY_30000	Printer
9zp6CqFgaos_120000	Crowd
QPkCGF2Pp0o_60000	Snoring
0cBAoVR9Go0_30000	Vehicle
2MWajC6aWgk_30000	Vehicle
adwukMBfVo0_10000	Female singing
IPqpTEfEuY4_30000	Silence
JpadaiU_CIo_0	Inside, small room
7WMqfRRqHdI_0	Inside, small room
Ax9rWcc-S7I_30000	Engine
6occutn0FhI_360000	Animal
OztEojYyYqs_110000	Water
5vHYgvLKafg_4000	Car passing by
Bvih31d9Yzg_20000	Snoring
X5MOJmTX_tk_30000	Tools
5GFPIlxS67k_190000	Bird
UaWZ1-8pgqM_130000	Whistling
7Zdx0YrzHVk_20000	Water
OuVlYzeVuyY_30000	Mantra
1R3tF-KmCeQ_220000	Mantra
cks7D28RQyU_460000	Printer
XD8hhoH24T8_130000	Child speech, kid speaking
3PPE9_FwIZA_30000	Siren
LvLFr93tNqg_260000	Speech
eK4ElzyrYwI_30000	Engine
OSeUeAGEfR4_40000	Silence
AiLkhgOOQQM_90000	Water
1lniFtQZqWo_0	Child speech, kid speaking
1VeWhSDft7Q_19000	Female singing
AH4TiYRyMg8_30000	Animal
B3e0Oin3nQU_30000	Printer
EAv4qinRs3A_30000	Heavy engine (low frequency)
RI0BybPnNN4_20000	Printer
GEyGSg3enUc_220000	Vehicle
-e5iHkhPh58_30000	Heavy engine (low frequency)
Bqx_OhGTKX0_30000	Inside, small room
4GovFEuwHlw_30000	Female singing
XCYXmLi96Xg_70000	Fireworks
GYyis5uyMxk_30000	Siren
KZtEHufCPas_170000	Laughter
7Z3icGGfoGw_150000	Printer
G7VzdojOJCk_300000	Female singing
-sJeivzhK6o_340000	Tools
8Y_ebbf1Yuk_30000	Car passing by
DCsCu51IUt8_30000	Outside, rural or natural
D2XjIyyq0x0_30000	Animal
Ipk5tsb3l9I_140000	Inside, small room
0tuFZv0p7_E_30000	Female singing
2Oz13uCN2Y0_400000	Vehicle
57H-K6Yhlig_30000	Vacuum cleaner
ADfu_C4Dr3Y_30000	Water
SX4eWEdAQ0Y_430000	Gunshot, gunfire
TN8GMsG9zaI_310000	Siren
12rhcDo8AXM_30000	Engine
3cwJLv-D_hI_20000	Snoring
WAGoihhf-bQ_20000	Fireworks
86eQxmsjwM4_310000	Vehicle
-yYkDZ_L1AY_30000	Laughter
AlJXjr7HgGE_30000	Printer
FWdhTyEbhUk_350000	Fireworks
1SuEn5YXZp4_30000	Female singing
I9xOrk-vBqY_60000	Sound effect
JcakIL7yuEs_0	Laughter
27zPHQ_BHGU_30000	Car passing by
-iVZV93gmZI_30000	Engine
GOh65VUZczU_30000	Siren
HzYv_45Ipdg_30000	Engine
Cvr8hAPqoyo_30000	Inside, small room
WSEbuAH4YcU_100000	Laughter
gBoDWoPB0OI_30000	Whack, thwack
9amnmwE6ZVM_0	Gunshot, gunfire
-2VhdaC1tO8_30000	Child speech, kid speaking
BgyC1jXTY4c_7000	Vacuum cleaner
1diPoRwDCt0_30000	Whack, thwack
X7DsTXBf2aM_20000	Crowd
2Qsnz2dnOdg_30000	Siren
A0oCI436q3o_50000	Inside, small room
CzZly-l8Yl8_260000	Animal
41M36mVJioY_130000	Fireworks
--mEupv0N68_30000	Speech
n07wGvhRFUY_50000	Child speech, kid speaking
AyVreD5Ookc_30000	Whack, thwack
Kof_hnu5JG4_180000	Music
5s8w0EoXhX4_30000	Vehicle
2FyBa4Wmex8_230000	Car passing by
WnS3T9w1A98_330000	Animal
7TSAczAuxtg_70000	Inside, small room
heGNtmjvvHI_30000	Whistling
dweVBqei9LA_160000	Vehicle
PmiRwrIh8h0_170000	Vacuum cleaner
0e8UHmokdtU_20000	Fireworks
Fqp4lNiAPis_30000	Heavy engine (low frequency)
5se8cURT2oY_30000	Speech
ECYyXukpXfA_10000	Tools
3DSE69u_ZC8_7000	Music
lcMWPTfg5Fo_30000	Siren
7RrdY5gk-Ew_40000	Whack, thwack
8VU42ks9Q48_90000	Inside, small room
GwZzkSClqXg_11000	Heavy engine (low frequency)
OUP-9fpSliQ_290000	Water
YUhKnTfZys4_30000	Car passing by
2nMi2-nHXYE_570000	Inside, small room
EG9scI3Cfgw_100000	Animal
ByYJ9Z7IUP0_30000	Engine
5Q0AlzTXGwc_100000	Water
6N5X_pZS2UI_20000	Fireworks
-dZ8NjPirwg_510000	Siren
dYk4yglnJAo_170000	Vacuum cleaner
5TEFEcZhsMA_100000	Speech
RVusxhwTbN8_10000	Bird
5X4D-WnVItQ_30000	Female singing
9-V4pau38OA_30000	Vehicle
8ptMnG4PoZ4_30000	Car passing by
TEWRI1-USjw_20000	Gunshot, gunfire
XYy2m47zc6s_10000	Gunshot, gunfire
KaWvKyVoYIo_30000	Whistling
4Or4CQC4fYw_30000	Vehicle
2uPFWqsEkQk_170000	Music
395RWUDUaq4_30000	Engine
VS4FOo6rAec_140000	Gunshot, gunfire
4W8IZxn3nEI_30000	Music
9FiIx45TVGY_13000	Vehicle
EGrA050nFus_460000	Vehicle
dADr6479WTM_170000	Snoring
5kUY6Zc4jA4_30000	Printer
AEWl8Kfon4g_30000	Mantra
B1he3qxZZMM_30000	Silence
8KlrcOvLvdY_30000	Whistling
jRoMnsAMwD4_30000	Snoring
LdUZOjZLu70_20000	Crowd
5ZtdADPWMuQ_30000	Outside, urban or manmade
9VLCK2iTxhY_240000	Engine
16pcr7cZzAI_0	Inside, large room or hall
Wl5q_4N_HSY_20000	Gunshot, gunfire
-3nTzYBhhqY_30000	Child speech, kid speaking
2lDH6ZT0g_o_10000	Speech
8y6rvOmse4c_230000	Tools
8OIXmAOZMXY_22000	Music
Byy_qXehUG4_170000	Female singing
31pbUwcA6EA_90000	Siren
CxqgtOQZDEg_30000	Speech
V3zM2JFHN3Q_40000	Inside, small room
IedNUUBu0q4_320000	Tools
0UfD9ba6qnc_60000	Vacuum cleaner
Ig8pPU6L2FM_490000	Animal
dkFPs5Wc7Ik_30000	Engine
ENltVDZTM4I_50000	Whistling
DGHVePFAt8Q_30000	Heavy engine (low frequency)
V9aM6CZUfho_260000	Water
ND_voY8l41M_60000	Speech
-1gJ-NklD6U_30000	Child speech, kid speaking
5hqvGLr9f6I_14000	Engine
fd4-YybDgJI_30000	Engine
La56WBAJ2xk_30000	Crowd
3NnNGy6RGeI_29000	Animal
7l-7X11X50M_20000	Tools
GFg6BowJgh0_130000	Music
I3vWSsPk6hQ_30000	Bird
A9GDCeozQQE_30000	Inside, small room
6izrTajyhqY_520000	Silence
1VhyVghoknQ_30000	Female singing
eP496W2o1ho_4000	Car passing by
8PG8yWT2WTs_30000	Printer
BaoBALZknJI_30000	Silence
NKyAQtFwhgE_50000	Laughter
PIkPfTYSLLA_40000	Vacuum cleaner
--T_CzpB6U8_30000	Music
6hgFnEuisbc_60000	Heavy engine (low frequency)
3rhSpRI_0rI_180000	Gunshot, gunfire
359sK8-3E_w_30000	Animal
-1LFdSzd2KI_30000	Animal
9VyxsFOidw8_120000	Vacuum cleaner
JAunuQ1SKXU_110000	Child speech, kid speaking
cdtA_OXgjsU_14000	Fireworks
4uluVb1iNy0_30000	Animal
-rzfZksuaS4_30000	Animal
9gfOnd_5SXg_330000	Vehicle
BZCSrQsVApU_50000	Whistling
43VAtpu0DE0_80000	Car passing by
Afe4krYpJs4_370000	Speech
-2BuagMO00Y_30000	Animal
-QVjd5AmlTE_240000	Fireworks
HE3sfnAo1x4_10000	Vacuum cleaner
OUzsj4dMlkE_70000	Snoring
-ekpoupVzVQ_260000	Whack, thwack
bg72X5iuUBc_29000	Whistling
5rmzJxbYJZ0_30000	Vehicle
6zKhO6NCchE_30000	Animal
7FgRxFhx89Y_17000	Animal
F9AzjYVesfs_20000	Snoring
zCuKYr_oMlE_60000	Outside, rural or natural
31AUO6wKDiI_80000	Siren
bZadyuv2utE_80000	Snoring
IXqDv7aVxMU_130000	Laughter
21QTB2aTTlk_30000	Engine
DznyJaCL2Gw_30000	Mantra
-RV1P6nX5ao_290000	Siren
Now4hkfxuSU_20000	Speech
8Yw38TPemvo_70000	Inside, small room
YzmgU8kz3dI_80000	Fireworks
Cf1zNtZEcc8_250000	Vehicle
T-EqNj5x96g_130000	Tools
4Fmh6UQqEQU_330000	Silence
9oquafER9K4_30000	Music
eH2Yx3J3Z7c_500000	Child speech, kid speaking
OaEVzIzkKSI_20000	Whack, thwack
1o67_u7H_wQ_0	Animal
XQBFd6muIYY_100000	Siren
-4dBqw9a3Ko_30000	Music
1EG3NDIve4w_30000	Printer
C5PJZIicOas_50000	Crowd
30HtOudq2v8_20000	Bird
mjfUF-Ik8Vg_70000	Fireworks
151j1Y10u1w_30000	Vehicle
AFiqv1lG0JI_0	Inside, small room
J_AaZl54Bro_10000	Vacuum cleaner
MOxZcGl_A4Y_30000	Car passing by
Urk0TBHcBzo_20000	Fireworks
1po2aNkhX24_20000	Animal
8R8gNtlkqxg_180000	Fireworks
2lF71UbDEOc_160000	Vehicle
0vT33Hgm_zM_30000	Inside, small room
O2O53lN7wQI_30000	Gunshot, gunfire
4y8_NA2J8T4_24000	Animal
gRZZVut9DU0_60000	Laughter
fG-KIAtaGIY_30000	Gunshot, gunfire
EWzfqdCra08_0	Vacuum cleaner
7AqSGi9APiw_120000	Bird
2GueA21tztk_90000	Laughter
AQf9cZSD5Pc_100000	Tools
3FwTm15bCoA_40000	Snoring
CZrIOywygLY_30000	Singing
ALFyIhtiUWg_20000	Mantra
SRvcmazK5PY_30000	Gunshot, gunfire
8IbUU2MjOrI_30000	Vehicle
NrR1wmCpqAk_12000	Animal
dZbu5Bc3jbY_30000	Laughter
0n1Y4rUeqpw_60000	Outside, rural or natural
0HFZwejP08M_220000	Vacuum cleaner
-DDIIlLA5JQ_180000	Mantra
2IybN9sVB_A_10000	Outside, urban or manmade
BSC9kCZZmfo_200000	Vacuum cleaner
S8su3wxbu6Q_0	Laughter
4fHDGp4tiiU_0	Vacuum cleaner
5DgcXbVfFzE_30000	Fireworks
81VN0w_07rY_18000	Siren
3PzvNHht_2M_110000	Printer
7RQ-29vhz58_0	Silence
4MYmnpPvBmo_80000	Vacuum cleaner
KovczhDkitQ_180000	Vacuum cleaner
CsxPZqtQBmI_0	Outside, rural or natural
Ar52HWgvqfs_30000	Printer
-4Gcg_YIz8c_120000	Music
7N9Zd2PJzfg_20000	Siren
W7-McImfHTU_230000	Printer
1rMJFFQ_SdM_30000	Vehicle
43PwklvfkX8_30000	Mantra
3X78sfgMwPY_6000	Vehicle
76TVfg_e5Vc_30000	Crowd
6z6PrUUVFBs_0	Inside, small room
H1yDjMDES94_0	Whistling
WGfONduW9AM_240000	Tools
HDHSG4SWkvQ_10000	Fireworks
l6HsxUNdkd4_10000	Gunshot, gunfire
6qFiXEEyLgI_11000	Bird
5cZqD8bbBN4_30000	Vehicle
EzXThJXRdbI_17000	Female singing
Otm6pbUqDdE_0	Whistling
64jMXF-KL8I_5000	Crowd
QApcFkvKdlg_30000	Siren
7VGeZDpaDdg_290000	Mantra
X48AVdE2Vys_30000	Inside, small room
5AJNfaITFf0_490000	Whack, thwack
7aV8qA0O4Ng_30000	Vehicle
To4b4las6O4_20000	Speech
AIFTBITYjb0_40000	Engine
Ln5CceR-Htk_0	Outside, rural or natural
q6mL17njt_c_0	Laughter
Oy9IEKQYCHg_0	Music
0KdqmTgYCGI_30000	Vehicle
8A9iECo7HLU_1000	Animal
GAwn4oZrYA8_15000	Water
2X6q-RWAnII_21000	Engine
4hWWZPvp8dI_110000	Vacuum cleaner
0LzJBc-1kg8_40000	Bird
29WJCBc3L2Q_30000	Mantra
9vLRkVlARAM_10000	Bird
ebplVxmfe-E_30000	Whistling
0RJJsAV8t2k_30000	Vehicle
k0mCofzlGxM_30000	Printer
EL7HabeCjOY_30000	Water
Cvjs-FyD3TE_430000	Vehicle
o0Xmp1Jt2IM_30000	Car passing by
3p13zx6Xf0A_40000	Speech
8Ht_4hQd_6A_0	Engine
B8NBhPjpOc4_30000	Siren
H0Je4ol0zls_0	Fireworks
HO7wEQLRUSI_100000	Vacuum cleaner
Jt4a9yCLKsI_30000	Laughter
nP5hli476SQ_80000	Laughter
mqNRiuRtVDw_30000	Car passing by
-1DUpwEaQ-Y_30000	Speech
5WU0ONamJdY_30000	Siren
GeDIaAJNipI_30000	Whistling
6mizn4EICQY_10000	Printer
Gg5efksw4N8_80000	Fireworks
L6rDNt7r7aQ_30000	Music
32CNuq3XNjQ_5000	Vehicle
2nbLPqwqQIA_5000	Speech
S1HBdtGItW8_30000	Speech
0qphpfTp7m8_30000	Laughter
EDjsWKx8L6s_30000	Laughter
dEXKTosbg8E_0	Vacuum cleaner
-VI6kvmKKlg_20000	Bird
1_0_35FvVks_30000	Bird
pPtXOw7It7g_380000	Speech
AEcNBXnPKU4_0	Fireworks
1SuTgHVYK6Q_30000	Siren
7-41Vtc-dpU_20000	Tools
9tWh-ZN58k0_30000	Speech
ZBW8u6wka7Y_30000	Snoring
bLoPYZnyDls_440000	Vacuum cleaner
jvrlGGcHkN0_10000	Whistling
9wcMdqGVuS4_30000	Vehicle
W2ivRgZnYwE_40000	Fireworks
NHBrHm1pChk_30000	Car passing by
BFW3rTwmsjw_200000	Female singing
_yoqAsw6pvE_0	Bird
Jld-t8kdg9E_120000	Snoring
-GGmV6o2SSE_30000	Engine
0lTjh_NdlUU_200000	Music
C90aOk9HaoI_0	Vacuum cleaner
Rqqj9E3k3yM_0	Crowd
70VSHhTO4mw_50000	Child speech, kid speaking
2CPQBra3GI8_20000	Speech
FjxE4VuKbPY_30000	Vacuum cleaner
rjZZJrvC3sw_80000	Vehicle
6ZnriQdxxGo_30000	Silence
Ej27702Rsyo_20000	Whistling
HLh0M_h0FRA_0	Silence
USYZ0uW2oCU_120000	Whistling
eL1CQFx1Mrk_0	Child speech, kid speaking
A4Hcicc7P90_30000	Speech
LB2nIxtS2Jk_0	Silence
j5UuU306R4k_30000	Tools
MC8XhvgVpCA_140000	Gunshot, gunfire
8JvzFyz4_tA_30000	Crowd
-sBU-Kjp1ow_10000	Car passing by
DZXQWcbMW9U_480000	Vacuum cleaner
2v7kapOCf5o_60000	Animal
LI85dkBB3Ho_30000	Laughter
2hbxKYdO_cw_20000	Fireworks
3xY7n6Qg6GY_150000	Engine
6Ap3-jYIsZM_30000	Female singing
2G0nDEsuhSQ_16000	Gunshot, gunfire
-3JJp-cQ4ag_30000	Speech
Ckx9dyl2xmQ_30000	Vehicle
OEbDEk3wCvw_60000	Child speech, kid speaking
G_UkeGu7bK0_10000	Whack, thwack
Fus8p4sYXAc_210000	Animal
5p_OQYDAVTU_30000	Vehicle
CD7Mgt9wi8k_30000	Engine
BpbVawBOJSo_21000	Speech
B0YP60j1VR4_12000	Gunshot, gunfire
DB38NRSHw9A_30000	Music
RnrP-bTUOcA_30000	Vacuum cleaner
68zZIjhH_wE_0	Gunshot, gunfire
Laa4wK0f9-Y_20000	Bird
VxvdzuN93QQ_30000	Laughter
Ng2q87B9FJA_440000	Inside, large room or hall
VrZkUqz2WZI_290000	Water
05JAmKFVy44_20000	Laughter
9bXUX7sOitA_5000	Sound effect
3XxbRA1fZMY_30000	Mantra
K0BwO69FLBk_90000	Speech
Wdxtn1OvAO8_160000	Vehicle
Mcofw_0yDDQ_30000	Silence
-1c6m6mI5RY_30000	Speech
YFAqF4ksvRo_18000	Fireworks
LvklamMf9PQ_29000	Crowd
7vCczkYaGG4_0	Outside, urban or manmade
GuKnkS2IdK8_540000	Speech
9Ey_nMCVztU_30000	Siren
5Jyk1kWjddg_400000	Vehicle
MQyL878-fgk_30000	Crowd
6I5qtDu16aE_20000	Animal
-a6VJhCbUqM_460000	Printer
BE6ZkRLbshs_30000	Water
5asfoHsxI2w_30000	Fireworks
cDiA2hQjJR4_10000	Female singing
IJsTAdWRHQs_20000	Fireworks
ax7iCns3xz8_90000	Whistling
-xsxzlCpmBY_10000	Crowd
0q1Lj3_O5Ow_30000	Crowd
T-U771vSw4c_30000	Printer
9RfSZdwPpcU_0	Gunshot, gunfire
cz3N1hLO4bU_20000	Engine
hkd6_120zcE_0	Sound effect
gtwEYnCBzb4_18000	Heavy engine (low frequency)
3iLY87btIFk_520000	Outside, rural or natural
QgD2KFfI8Z4_120000	Whack, thwack
_RZJfVGVeME_30000	Whack, thwack
-ihKKI-uHn8_0	Fireworks
3ZWuSgBpMOk_0	Inside, small room
2Pif6cyp8QM_24000	Fireworks
O9jCFxhNyg8_0	Snoring
UMeYofijIeU_30000	Siren
KKZ-dLMcpxY_60000	Bird
RtqkUUSz2kA_20000	Child speech, kid speaking
Qux4OM_Sxxc_180000	Speech
-QoPKtxQtqo_30000	Female singing
jH-uZE34svU_130000	Whistling
VLjSaw-GP_k_10000	Gunshot, gunfire
IAlldwrmaQs_320000	Animal
AbAwMezmwYE_200000	Vacuum cleaner
AebrqXEg1XU_30000	Engine
p3yRlYW16UA_30000	Vehicle
NdXbueCN0bc_30000	Vehicle
GF9c42KC7pk_120000	Animal
YdB8IXXShVE_80000	Animal
IvrvvAkWM0g_30000	Snoring
4p8n4Zf-WMM_190000	Gunshot, gunfire
5j0KG0GYXEM_30000	Silence
Bo8lqFkgFSA_80000	Gunshot, gunfire
4zxx7y89djo_70000	Inside, small room
BJ6RWEYnXKk_30000	Vehicle
WH8t-8vI-EI_150000	Child speech, kid speaking
M2CDCZK6kgU_10000	Mantra
enb_S2kX5oQ_130000	Engine
8qTuHcKKVcw_90000	Music
63h2fqinkuo_30000	Music
7bEKFmYAgdM_360000	Fireworks
07gOdWDWuNo_240000	Heavy engine (low frequency)
Bjj7w0b4xMk_40000	Engine
GzZUUE5zJWU_340000	Gunshot, gunfire
AWcZq1PRcII_20000	Sound effect
GTyM1mKbPZg_30000	Printer
311-glq4xA4_6000	Laughter
D7mWYuLIRas_80000	Animal
HUt3l8oz4Z4_30000	Vehicle
H-o2TWcKIjw_40000	Whistling
_v34mnhOk1A_90000	Gunshot, gunfire
HZQPxxcahLU_60000	Silence
GHnF5xGTv44_30000	Engine
A65u38aYIv8_10000	Crowd
AKjcrEsYykE_340000	Speech
pAWTYpI-8Gg_10000	Vehicle
4lnhOIftuMQ_60000	Whistling
E7n5Z8F4IUk_30000	Vacuum cleaner
PksJ3iN0DfY_30000	Engine
0KBuKAktdok_590000	Inside, small room
2xKFROZ6Psk_70000	Animal
Yh7pKAv-mwU_140000	Gunshot, gunfire
LwgXF3RsNE4_20000	Mantra
TzsTDTmR4yU_0	Snoring
5UA2K65wuvs_25000	Speech
2ExmyKmtIsw_0	Gunshot, gunfire
o2Q0ywtyRFo_20000	Crowd
098oDxuz-8o_90000	Inside, small room
HVZtW5jpaHQ_50000	Inside, small room
Agm1823-6Dk_20000	Animal
nLzSz0qDT68_10000	Siren
NHcHQ6ptBmA_30000	Siren
OlNXKOChi8w_0	Laughter
Emb0sMJJpbw_200000	Crowd
1SoF7fWA078_0	Laughter
Ib-EHEyFIr8_480000	Crowd
-2YdDXu50R8_30000	Speech
28c2rAbXlPE_30000	Whistling
X3y7RUCAl6Y_10000	Fireworks
v9wdxI4YqVQ_0	Child speech, kid speaking
BXUS7pTYDzI_30000	Female singing
-2yTCr0P1Z0_30000	Music
DlpW92lR9DA_30000	Snoring
5cFvjUr6qGM_30000	Car passing by
GlxBch-xCX4_12000	Animal
rYroEnnY3dE_50000	Water
AqMdyAcYjes_10000	Animal
mhQtFmIyJts_570000	Animal
C-BeyIe9yNk_230000	Bird
8fNxHeM3OQI_360000	Fireworks
nNMWm_Ei6ik_20000	Vehicle
OQonGzN-lE0_30000	Siren
MNptHL4Bn4k_90000	Tools
9ejranzi8ow_100000	Vacuum cleaner
A_RIRJV5AxE_30000	Speech
TQgZJasmY3g_60000	Child speech, kid speaking
5S2Zgvmw_5o_30000	Snoring
WvquSD2PcCE_30000	Vehicle
KImfdoDHnN0_30000	Gunshot, gunfire
0AncoWxGanw_10000	Silence
BceSHVxY-Ew_460000	Inside, small room
jCGwVnBJCWE_20000	Laughter
3z3WIjdV_js_50000	Laughter
an3f3lM0zrk_30000	Tools
8oiyVt6-erA_560000	Whistling
5A7blg4nLFE_70000	Laughter
oHJ9rIUM-FA_30000	Fireworks
2Oo2mrcWY6U_21000	Silence
3b0WnxNfOf8_0	Printer
-uAtzUt1Ljc_30000	Tools
RxgZ8KxvvPc_30000	Speech
G_n86aQbv7k_10000	Siren
poRspGl8-FY_0	Child speech, kid speaking
G6OPZRkuU7E_6000	Silence
jUISGNwEvt0_30000	Whistling
NfwqsoR_84s_450000	Vehicle
02hvyTvLjSI_0	Bird
hAehs6GdfIQ_30000	Printer
5lJDmgFud38_10000	Laughter
8JMFVd_3Fq0_60000	Vacuum cleaner
7BkdKQRemso_30000	Engine
wlCx3oOCxAk_16000	Vehicle
nkrjmjWpHP4_330000	Female singing
MtgdH53h_Bs_100000	Tools
8OtYLA0G6o0_170000	Music
Bal_bm__Ql4_0	Engine
CYKq7nMeNVA_190000	Animal
FdIl-mIq4DM_26000	Female singing
-ylEqqYI4oA_30000	Siren
90lCkXCD-zo_70000	Laughter
AtDCGD5B08Y_520000	Vehicle
DSQDgDDwlvY_390000	Whistling
BLpI-_EOLM4_30000	Silence
QTTz_YH89l0_0	Whistling
i7Mj5knrIoI_30000	Fireworks
VAglGLHzRxM_150000	Siren
4hDVWO4A0p4_30000	Mantra
V1u2twdAAPA_10000	Snoring
RUKrMfA36nk_60000	Car passing by
-_PFf-Ll1uo_30000	Mantra
BX3QdTmWoxk_30000	Mantra
3j3YJD13NL0_30000	Inside, small room
LHbtY7tLiBM_50000	Snoring
vg59Aj1uGuk_480000	Heavy engine (low frequency)
FlF5Kv1LI5A_25000	Siren
E4SoiBcESJs_80000	Snoring
Cgu0_9r4M2Q_30000	Vehicle
NcbBjZ6tfb0_10000	Gunshot, gunfire
jna6r3skNeg_180000	Water
6XhAg6QjWZc_30000	Female singing
-aMuD2CRqc4_30000	Female singing
b7ryyJc5Zh4_30000	Whistling
L4QCYbf6Ers_30000	Bird
-4-CNxDK1DQ_30000	Singing
AMeje0q1QXE_0	Silence
GJqr35GGvGI_0	Silence
MDZLrF-Thj8_70000	Music
KYlv-cGZy_4_70000	Printer
7vtKwz_SacE_30000	Vacuum cleaner
-xuq3kOwGGw_30000	Vehicle
-bodMgM76Ck_170000	Outside, rural or natural
mJFhC0zrzbs_70000	Laughter
QpQLRT3MaK8_10000	Music
0eQlwIxMRMI_580000	Inside, small room
0pZpMeDxOmM_10000	Engine
34vzrZ2SlQo_110000	Whistling
BEdVlosQtu4_0	Child speech, kid speaking
B8DhAkWxc7g_60000	Vehicle
73nRkB05bo4_0	Tools
I6qF6SCODIE_0	Crowd
5I6fi9BeNWo_390000	Printer
SKHWggncyjo_0	Snoring
8lCJFWAgwjc_11000	Engine
-2IvBdTvyJE_30000	Speech
2-Qsx1m5DIg_580000	Music
9gM0TB8-Rjc_140000	Animal
92OmFGgGFoU_0	Outside, rural or natural
Mp4hU7DqFfE_230000	Outside, rural or natural
O-5OWExyT68_30000	Heavy engine (low frequency)
Py4LVuf1TNU_10000	Outside, rural or natural
-3nB5NDTGug_30000	Music
1WNesxJ_otw_0	Whack, thwack
n7RDQZLvRNU_50000	Animal
V0aHNJNfojs_0	Vacuum cleaner
-0s2sUtAMEo_30000	Crowd
Y8jBxEKdx3g_0	Siren
e_FXp8omD1g_20000	Whack, thwack
15Y2DJQw3Xc_30000	Engine
6G0a42qTOyw_30000	Engine
4F-UfEqJmsI_70000	Water
4k74Cvw2rLU_160000	Bird
LiIGOOacLLo_70000	Outside, rural or natural
-TV4WW8ElzY_30000	Female singing
NWAyyhDHs9M_30000	Mantra
0dHUoSdM8fo_16000	Crowd
31OQ80YHLVo_30000	Printer
6zmN62w-YhQ_15000	Outside, rural or natural
HBfZdHUoxfw_80000	Vacuum cleaner
OUjQYtAqHNE_30000	Vehicle
AstsvNJfUP8_40000	Vehicle
4d_4Qe5u_MQ_110000	Gunshot, gunfire
P4ClJRfsZ3Y_30000	Speech
0CVgLmF4WjQ_170000	Vehicle
Gp4Vru9_ZAE_20000	Snoring
HEOMsE8URZk_230000	Crowd
0Fdic9NOoYs_30000	Crowd
7UsucognTYA_10000	Child speech, kid speaking
jSpxOsOUqSc_120000	Snoring
1JyoTMKsuz8_40000	Vehicle
M2oV_8cTLNc_30000	Siren
IuB_X6siahc_30000	Gunshot, gunfire
aVVKt07XvQY_0	Laughter
7lO37aXX970_30000	Siren
P7kFnr7dnEE_30000	Siren
-9ynJQoma0g_30000	Animal
KbHyfhGxFqo_30000	Vehicle
0TvuLbDrd6g_50000	Bird
6tx9ePZCbzw_30000	Siren
Dm2nKZpSrms_260000	Music
aRML8NQA4A0_2000	Crowd
6feShdYp3FU_30000	Heavy engine (low frequency)
CAC1iWK4UUM_30000	Speech
-03E68nfWbM_30000	Music
wM-sBzIDzok_30000	Bird
1f4mp65fpyE_430000	Gunshot, gunfire
qwSLTzOwKBQ_10000	Vehicle
6-krHdSR6tY_23000	Silence
4H80Cc9JipE_20000	Bird
AqfTR7g6rcQ_0	Snoring
UHC_8yeio94_30000	Snoring
aF8YJoXhFBQ_0	Sound effect
XqrldmYqwXM_0	Child speech, kid speaking
29psgMfA6hQ_30000	Female singing
2g-kFSvR8og_30000	Inside, small room
2iozIhNDrzQ_260000	Music
eXc2pmXftRg_30000	Heavy engine (low frequency)
9t8J6EbuQKk_390000	Tools
5S8mGGoJzuU_0	Crowd
0RyfJ_jNKVM_22000	Engine
JIVa1OL-WAo_30000	Animal
IvlR0GyZsuk_1000	Siren
TczOi1Vizuc_30000	Whack, thwack
-0RKoETG-WU_30000	Speech
157zxTndBmQ_30000	Outside, urban or manmade
7CtX6uqhU7I_30000	Snoring
Ln-ilm7TO9g_250000	Singing
I-_8HEhY7bA_30000	Speech
GXY3X6-4TA0_30000	Speech
-13uB-qjOG8_180000	Speech
1NZj1H4jPfQ_30000	Mantra
MiNWJoxZgoY_70000	Whistling
ANgVEtaSYl8_30000	Vacuum cleaner
X0aamY-bBxo_10000	Child speech, kid speaking
91dk9t_fpss_460000	Crowd
-0-iKX4CtWo_30000	Speech
-XtDdmBNfrQ_90000	Female singing
1n7TOdnybjY_30000	Child speech, kid speaking
2_kLD3IbF2c_10000	Music
HAqVsZc_SLA_80000	Laughter
6VAj0zC2jeA_110000	Laughter
1IeLZ3GgyHg_30000	Vehicle
8SwFD08RNt0_30000	Silence
sJmYNqsAXuE_30000	Fireworks
DvmXcb9OYQs_20000	Speech
SU9S3Hd_q90_0	Inside, small room
7K1t2eA7ghw_10000	Printer
69kUwHG4Of0_210000	Vehicle
0jVdbgTV0LI_30000	Mantra
-xAAlHm3CXo_310000	Outside, rural or natural
6x78EL3UdsY_10000	Siren
-thZTRNgdfE_30000	Female singing
6hfwS5p8cUA_80000	Music
DUNOn71oGCw_40000	Music
5JgxJjF7CAY_12000	Sound effect
YAt89aEFzL0_180000	Gunshot, gunfire
0pClhEEtztc_30000	Singing
ChRnrlnfjSc_23000	Printer
dZUBkheUIX0_20000	Snoring
7nUCu-GmUAM_30000	Vacuum cleaner
1yhSkg6qGpY_590000	Fireworks
JHk4rTYcDvo_0	Gunshot, gunfire
DmrJl-qi1nI_14000	Printer
Dzl6KONKKAM_30000	Sound effect
Pgj22QMkh2g_400000	Mantra
LjfjVnDQgEM_10000	Fireworks
6Ix6axuXbnA_470000	Vacuum cleaner
PAAG9iqWE_M_30000	Whistling
CEzyxkUbG9A_30000	Speech
B3TaW_6njjk_30000	Silence
OtesL40xRas_10000	Whistling
3bzLHM_rsu4_30000	Silence
-BsQtCkJxSc_6000	Snoring
Jk4ElrVdgIY_30000	Mantra
15UZPEmtkGg_30000	Heavy engine (low frequency)
Lto9BOj4Xc4_220000	Music
9XeY3p3VFiE_30000	Silence
8PpubsZLFnE_90000	Singing
Cw1VX4HqeaA_30000	Speech
0nCj9XmrqGQ_2000	Mantra
KFswARjMb8Q_30000	Whack, thwack
LCv4KCUX0Ps_30000	Music
3Um73DOVPAk_0	Animal
eHPl7NASKQ8_150000	Child speech, kid speaking
DPEJk9nYhGE_230000	Sound effect
WkWf64Re4os_120000	Snoring
cuq6xgacAiw_30000	Music
8ZrLTDe0xBw_20000	Bird
AfAUIFM45nw_490000	Gunshot, gunfire
CYohkwEWNgo_80000	Bird
Al_OdIuqoe0_30000	Music
PSt_gdjwmvY_140000	Bird
9QEm6u4bowQ_30000	Sound effect
Ov9JBhAC7go_140000	Tools
aQD7sos_QXs_10000	Laughter
q2E2gCMIVO0_30000	Car passing by
Ggv1_k2cxDc_30000	Fireworks
19XjJonmDbo_10000	Fireworks
5LfIPJbJBco_30000	Vacuum cleaner
9Iap28QWId0_30000	Water
HAHF9KtVqGY_0	Fireworks
4uQseAg5rYI_16000	Mantra
ERGPp-5yJ9w_60000	Vacuum cleaner
FHgI8jVv5Dw_30000	Whack, thwack
9SIgR5flGAQ_17000	Siren
4ToH25dI3_I_20000	Engine
0lyxphiB35I_30000	Vehicle
570UUAF68bY_40000	Inside, small room
L0laPcGY6Ws_300000	Whistling
DlaEUR5O_iY_10000	Engine
11iTkkMaUVo_320000	Water
TkH50BEoMvo_110000	Tools
AiL8bvc8M8M_30000	Water
umd3DEzjAlI_160000	Child speech, kid speaking
TbpleX1gG00_390000	Vacuum cleaner
-03DMA6YTlg_30000	Music
-0QJ4i61cZ0_30000	Speech
CbzpIrNM7Bw_0	Female singing
pHX65qLSEpA_0	Speech
DEe2gAzLA0I_29000	Fireworks
XkFCa3kW0tw_60000	Car passing by
Qo4hk504WMc_47000	Fireworks
SH-LfK58bTs_430000	Inside, small room
RQ9Sch7Cjfs_240000	Gunshot, gunfire
VpU4twmXFiI_10000	Inside, small room
CxpDkTW9wRk_140000	Bird
5eYIBfJtlgA_30000	Female singing
GysNC9mORww_30000	Engine
BQDwWG6icPw_100000	Animal
53fXzI_9_5Y_370000	Gunshot, gunfire
IJn4Uc9vf28_30000	Crowd
827oM6vfjFQ_20000	Snoring
--trGfANYmI_30000	Music
Dp4AJA2a5Kw_10000	Vacuum cleaner
EoyC5xNFmf4_90000	Car passing by
6ERVQ4OaEHg_30000	Outside, rural or natural
29J6l1rsRcY_10000	Animal
BmstXwIk-5Q_30000	Music
0vNKCzhv3MI_30000	Music
3CmENR_yAJw_10000	Mantra
UN2wl7NMRro_1000	Engine
D-1RsAdzIcc_30000	Laughter
0Nt6vFG1FdQ_30000	Heavy engine (low frequency)
54QjIJBfdKk_20000	Animal
6dMvyccrAEQ_30000	Printer
TlaK2XH4wfk_30000	Printer
-0wzyWqOBzU_30000	Speech
DNMKp8CvA5A_0	Music
-BDSrWLpZrE_50000	Vehicle
3QpRWuqugxE_0	Snoring
6Gpqb5fiiD0_30000	Engine
-Oy_wYXdNLM_20000	Laughter
5nolHW_Ggp8_60000	Vehicle
h_NHdX_OFEk_250000	Whistling
H2-WOEPpGF8_0	Bird
JoE9F2eO_jE_80000	Speech
-RizwnjnALc_40000	Snoring
KxzuJRh9GaQ_30000	Speech
UlGhCQ6toU8_40000	Whistling
Wj87qPZQKKw_30000	Vehicle
37xr3DyPbwc_10000	Snoring
m66t_j137lw_0	Speech
9roCUZR-xzM_30000	Sound effect
3R1FIrnVo14_30000	Vacuum cleaner
